timestamp,intervention_type,intervention_detail
2025-03-14 00:33:00,diaper change,Scheduled diaper change
2025-03-14 00:33:00,position change,supine
2025-03-14 03:33:00,diaper change,Scheduled diaper change
2025-03-14 04:03:00,position change,left lateral
2025-03-14 04:33:00,position change,supine
2025-03-14 05:18:00,diaper change,
2025-03-14 05:18:00,position change,prone
2025-03-14 05:18:00,oxygen administration,increase flow
2025-03-14 06:33:00,diaper change,Scheduled diaper change
2025-03-14 06:48:00,position change,supine
2025-03-14 07:38:00,position change,right lateral
2025-03-14 07:43:00,position change,supine
2025-03-14 07:48:00,position change,prone
2025-03-14 08:03:00,position change,left lateral
