{
    "patient_id": "Jonathan Donathan",
    "Sex": "M",
    "Age": "Age: 19 Days",
    "Weight": "3.1 kg",
    "Conditions": [
        "Bradycardia"
    ],
    "data": [
        {
            "timestamp": "2025-03-15 18:03:00",
            "vital_signs": {
                "heart_rate": "74 bpm",
                "respiratory_rate": "67 breaths/min",
                "body_temperature": "36.5 °C",
                "HR_Delta": null,
                "RespRate_Delta": null,
                "Temp_Delta": null
            },
            "pain_level": "Low",
            "intervention": [
                {
                    "type": "diaper change",
                    "detail": "Scheduled diaper change"
                },
                {
                    "type": "position change",
                    "detail": "left lateral"
                }
            ]
        },
        {
            "timestamp": "2025-03-15 18:08:00",
            "vital_signs": {
                "heart_rate": "72 bpm",
                "respiratory_rate": "40 breaths/min",
                "body_temperature": "37.2 °C",
                "HR_Delta": "1.9 Δ",
                "RespRate_Delta": "27 Δ breaths/min",
                "Temp_Delta": "0.7 °C"
            },
            "pain_level": "Low"
        },
        {
            "timestamp": "2025-03-15 18:13:00",
            "vital_signs": {
                "heart_rate": "74 bpm",
                "respiratory_rate": "75 breaths/min",
                "body_temperature": "37.1 °C",
                "HR_Delta": "1.6 Δ",
                "RespRate_Delta": "35 Δ breaths/min",
                "Temp_Delta": "0.1 °C"
            },
            "pain_level": "Low"
        },
        {
            "timestamp": "2025-03-15 18:18:00",
            "vital_signs": {
                "heart_rate": "71 bpm",
                "respiratory_rate": "84 breaths/min",
                "body_temperature": "37.4 °C",
                "HR_Delta": "3.2 Δ",
                "RespRate_Delta": "9 Δ breaths/min",
                "Temp_Delta": "0.3 °C"
            },
            "pain_level": "Low"
        },
        {
            "timestamp": "2025-03-15 18:23:00",
            "vital_signs": {
                "heart_rate": "79 bpm",
                "respiratory_rate": "74 breaths/min",
                "body_temperature": "37.0 °C",
                "HR_Delta": "8.6 Δ",
                "RespRate_Delta": "10 Δ breaths/min",
                "Temp_Delta": "0.4 °C"
            },
            "pain_level": "Low"
        },
        {
            "timestamp": "2025-03-15 18:28:00",
            "vital_signs": {
                "heart_rate": "77 bpm",
                "respiratory_rate": "94 breaths/min",
                "body_temperature": "37.2 °C",
                "HR_Delta": "2.7 Δ",
                "RespRate_Delta": "21 Δ breaths/min",
                "Temp_Delta": "0.2 °C"
            },
            "pain_level": "Low"
        },
        {
            "timestamp": "2025-03-15 18:33:00",
            "vital_signs": {
                "heart_rate": "72 bpm",
                "respiratory_rate": "80 breaths/min",
                "body_temperature": "36.5 °C",
                "HR_Delta": "4.8 Δ",
                "RespRate_Delta": "15 Δ breaths/min",
                "Temp_Delta": "0.7 °C"
            },
            "pain_level": "Low"
        },
        {
            "timestamp": "2025-03-15 18:38:00",
            "vital_signs": {
                "heart_rate": "75 bpm",
                "respiratory_rate": "69 breaths/min",
                "body_temperature": "36.7 °C",
                "HR_Delta": "3.2 Δ",
                "RespRate_Delta": "11 Δ breaths/min",
                "Temp_Delta": "0.2 °C"
            },
            "pain_level": "Low",
            "intervention": [
                {
                    "type": "oxygen administration",
                    "detail": "increase flow"
                }
            ]
        },
        {
            "timestamp": "2025-03-15 18:43:00",
            "vital_signs": {
                "heart_rate": "79 bpm",
                "respiratory_rate": "88 breaths/min",
                "body_temperature": "37.0 °C",
                "HR_Delta": "4.1 Δ",
                "RespRate_Delta": "20 Δ breaths/min",
                "Temp_Delta": "0.3 °C"
            },
            "pain_level": "Low"
        },
        {
            "timestamp": "2025-03-15 18:48:00",
            "vital_signs": {
                "heart_rate": "78 bpm",
                "respiratory_rate": "38 breaths/min",
                "body_temperature": "36.6 °C",
                "HR_Delta": "1.4 Δ",
                "RespRate_Delta": "51 Δ breaths/min",
                "Temp_Delta": "0.4 °C"
            },
            "pain_level": "Low"
        },
        {
            "timestamp": "2025-03-15 18:53:00",
            "vital_signs": {
                "heart_rate": "72 bpm",
                "respiratory_rate": "35 breaths/min",
                "body_temperature": "37.0 °C",
                "HR_Delta": "5.3 Δ",
                "RespRate_Delta": "3 Δ breaths/min",
                "Temp_Delta": "0.4 °C"
            },
            "pain_level": "Low"
        },
        {
            "timestamp": "2025-03-15 18:58:00",
            "vital_signs": {
                "heart_rate": "76 bpm",
                "respiratory_rate": "65 breaths/min",
                "body_temperature": "37.0 °C",
                "HR_Delta": "3.7 Δ",
                "RespRate_Delta": "30 Δ breaths/min",
                "Temp_Delta": "0.0 °C"
            },
            "pain_level": "Low"
        },
        {
            "timestamp": "2025-03-15 19:03:00",
            "vital_signs": {
                "heart_rate": "71 bpm",
                "respiratory_rate": "73 breaths/min",
                "body_temperature": "36.5 °C",
                "HR_Delta": "4.9 Δ",
                "RespRate_Delta": "8 Δ breaths/min",
                "Temp_Delta": "0.5 °C"
            },
            "pain_level": "Low"
        },
        {
            "timestamp": "2025-03-15 19:08:00",
            "vital_signs": {
                "heart_rate": "75 bpm",
                "respiratory_rate": "40 breaths/min",
                "body_temperature": "37.4 °C",
                "HR_Delta": "3.4 Δ",
                "RespRate_Delta": "33 Δ breaths/min",
                "Temp_Delta": "0.9 °C"
            },
            "pain_level": "Low"
        },
        {
            "timestamp": "2025-03-15 19:13:00",
            "vital_signs": {
                "heart_rate": "78 bpm",
                "respiratory_rate": "65 breaths/min",
                "body_temperature": "37.1 °C",
                "HR_Delta": "3.1 Δ",
                "RespRate_Delta": "25 Δ breaths/min",
                "Temp_Delta": "0.3 °C"
            },
            "pain_level": "Low"
        },
        {
            "timestamp": "2025-03-15 19:18:00",
            "vital_signs": {
                "heart_rate": "74 bpm",
                "respiratory_rate": "66 breaths/min",
                "body_temperature": "36.7 °C",
                "HR_Delta": "4.0 Δ",
                "RespRate_Delta": "1 Δ breaths/min",
                "Temp_Delta": "0.4 °C"
            },
            "pain_level": "Low"
        },
        {
            "timestamp": "2025-03-15 19:23:00",
            "vital_signs": {
                "heart_rate": "75 bpm",
                "respiratory_rate": "40 breaths/min",
                "body_temperature": "36.5 °C",
                "HR_Delta": "1.0 Δ",
                "RespRate_Delta": "26 Δ breaths/min",
                "Temp_Delta": "0.2 °C"
            },
            "pain_level": "Low"
        },
        {
            "timestamp": "2025-03-15 19:28:00",
            "vital_signs": {
                "heart_rate": "76 bpm",
                "respiratory_rate": "75 breaths/min",
                "body_temperature": "37.3 °C",
                "HR_Delta": "1.2 Δ",
                "RespRate_Delta": "36 Δ breaths/min",
                "Temp_Delta": "0.8 °C"
            },
            "pain_level": "Low"
        },
        {
            "timestamp": "2025-03-15 19:33:00",
            "vital_signs": {
                "heart_rate": "77 bpm",
                "respiratory_rate": "82 breaths/min",
                "body_temperature": "36.9 °C",
                "HR_Delta": "0.9 Δ",
                "RespRate_Delta": "6 Δ breaths/min",
                "Temp_Delta": "0.4 °C"
            },
            "pain_level": "Low"
        },
        {
            "timestamp": "2025-03-15 19:38:00",
            "vital_signs": {
                "heart_rate": "76 bpm",
                "respiratory_rate": "45 breaths/min",
                "body_temperature": "36.9 °C",
                "HR_Delta": "0.4 Δ",
                "RespRate_Delta": "37 Δ breaths/min",
                "Temp_Delta": "0.0 °C"
            },
            "pain_level": "Low"
        },
        {
            "timestamp": "2025-03-15 19:43:00",
            "vital_signs": {
                "heart_rate": "74 bpm",
                "respiratory_rate": "60 breaths/min",
                "body_temperature": "37.2 °C",
                "HR_Delta": "2.7 Δ",
                "RespRate_Delta": "15 Δ breaths/min",
                "Temp_Delta": "0.3 °C"
            },
            "pain_level": "Low"
        },
        {
            "timestamp": "2025-03-15 19:48:00",
            "vital_signs": {
                "heart_rate": "74 bpm",
                "respiratory_rate": "41 breaths/min",
                "body_temperature": "36.8 °C",
                "HR_Delta": "0.3 Δ",
                "RespRate_Delta": "19 Δ breaths/min",
                "Temp_Delta": "0.4 °C"
            },
            "pain_level": "Low"
        },
        {
            "timestamp": "2025-03-15 19:53:00",
            "vital_signs": {
                "heart_rate": "72 bpm",
                "respiratory_rate": "73 breaths/min",
                "body_temperature": "37.1 °C",
                "HR_Delta": "2.2 Δ",
                "RespRate_Delta": "32 Δ breaths/min",
                "Temp_Delta": "0.3 °C"
            },
            "pain_level": "Low"
        },
        {
            "timestamp": "2025-03-15 19:58:00",
            "vital_signs": {
                "heart_rate": "70 bpm",
                "respiratory_rate": "46 breaths/min",
                "body_temperature": "36.6 °C",
                "HR_Delta": "1.7 Δ",
                "RespRate_Delta": "27 Δ breaths/min",
                "Temp_Delta": "0.5 °C"
            },
            "pain_level": "Low"
        },
        {
            "timestamp": "2025-03-15 20:03:00",
            "vital_signs": {
                "heart_rate": "78 bpm",
                "respiratory_rate": "67 breaths/min",
                "body_temperature": "36.6 °C",
                "HR_Delta": "7.9 Δ",
                "RespRate_Delta": "21 Δ breaths/min",
                "Temp_Delta": "0.0 °C"
            },
            "pain_level": "Low"
        },
        {
            "timestamp": "2025-03-15 20:08:00",
            "vital_signs": {
                "heart_rate": "71 bpm",
                "respiratory_rate": "72 breaths/min",
                "body_temperature": "36.8 °C",
                "HR_Delta": "6.8 Δ",
                "RespRate_Delta": "5 Δ breaths/min",
                "Temp_Delta": "0.2 °C"
            },
            "pain_level": "Low"
        },
        {
            "timestamp": "2025-03-15 20:13:00",
            "vital_signs": {
                "heart_rate": "80 bpm",
                "respiratory_rate": "79 breaths/min",
                "body_temperature": "36.8 °C",
                "HR_Delta": "8.7 Δ",
                "RespRate_Delta": "7 Δ breaths/min",
                "Temp_Delta": "0.0 °C"
            },
            "pain_level": "Low"
        },
        {
            "timestamp": "2025-03-15 20:18:00",
            "vital_signs": {
                "heart_rate": "80 bpm",
                "respiratory_rate": "71 breaths/min",
                "body_temperature": "36.9 °C",
                "HR_Delta": "0.2 Δ",
                "RespRate_Delta": "9 Δ breaths/min",
                "Temp_Delta": "0.1 °C"
            },
            "pain_level": "Low"
        },
        {
            "timestamp": "2025-03-15 20:23:00",
            "vital_signs": {
                "heart_rate": "70 bpm",
                "respiratory_rate": "63 breaths/min",
                "body_temperature": "37.1 °C",
                "HR_Delta": "9.9 Δ",
                "RespRate_Delta": "8 Δ breaths/min",
                "Temp_Delta": "0.2 °C"
            },
            "pain_level": "Low"
        },
        {
            "timestamp": "2025-03-15 20:28:00",
            "vital_signs": {
                "heart_rate": "79 bpm",
                "respiratory_rate": "54 breaths/min",
                "body_temperature": "37.3 °C",
                "HR_Delta": "8.7 Δ",
                "RespRate_Delta": "9 Δ breaths/min",
                "Temp_Delta": "0.2 °C"
            },
            "pain_level": "Low"
        },
        {
            "timestamp": "2025-03-15 20:33:00",
            "vital_signs": {
                "heart_rate": "67 bpm",
                "respiratory_rate": "69 breaths/min",
                "body_temperature": "36.5 °C",
                "HR_Delta": "11.8 Δ",
                "RespRate_Delta": "15 Δ breaths/min",
                "Temp_Delta": "0.8 °C"
            },
            "pain_level": "Low",
            "intervention": [
                {
                    "type": "oxygen administration",
                    "detail": "increase flow"
                }
            ]
        },
        {
            "timestamp": "2025-03-15 20:38:00",
            "vital_signs": {
                "heart_rate": "79 bpm",
                "respiratory_rate": "74 breaths/min",
                "body_temperature": "37.4 °C",
                "HR_Delta": "11.6 Δ",
                "RespRate_Delta": "5 Δ breaths/min",
                "Temp_Delta": "0.9 °C"
            },
            "pain_level": "Low"
        },
        {
            "timestamp": "2025-03-15 20:43:00",
            "vital_signs": {
                "heart_rate": "73 bpm",
                "respiratory_rate": "54 breaths/min",
                "body_temperature": "36.7 °C",
                "HR_Delta": "6.2 Δ",
                "RespRate_Delta": "19 Δ breaths/min",
                "Temp_Delta": "0.7 °C"
            },
            "pain_level": "Low"
        },
        {
            "timestamp": "2025-03-15 20:48:00",
            "vital_signs": {
                "heart_rate": "72 bpm",
                "respiratory_rate": "39 breaths/min",
                "body_temperature": "37.0 °C",
                "HR_Delta": "0.7 Δ",
                "RespRate_Delta": "15 Δ breaths/min",
                "Temp_Delta": "0.3 °C"
            },
            "pain_level": "Low"
        },
        {
            "timestamp": "2025-03-15 20:53:00",
            "vital_signs": {
                "heart_rate": "76 bpm",
                "respiratory_rate": "79 breaths/min",
                "body_temperature": "36.8 °C",
                "HR_Delta": "4.0 Δ",
                "RespRate_Delta": "39 Δ breaths/min",
                "Temp_Delta": "0.2 °C"
            },
            "pain_level": "Low",
            "intervention": [
                {
                    "type": "position change",
                    "detail": "supine"
                }
            ]
        },
        {
            "timestamp": "2025-03-15 20:58:00",
            "vital_signs": {
                "heart_rate": "71 bpm",
                "respiratory_rate": "78 breaths/min",
                "body_temperature": "37.0 °C",
                "HR_Delta": "5.1 Δ",
                "RespRate_Delta": "1 Δ breaths/min",
                "Temp_Delta": "0.2 °C"
            },
            "pain_level": "Low"
        },
        {
            "timestamp": "2025-03-15 21:03:00",
            "vital_signs": {
                "heart_rate": "79 bpm",
                "respiratory_rate": "39 breaths/min",
                "body_temperature": "37.1 °C",
                "HR_Delta": "8.4 Δ",
                "RespRate_Delta": "38 Δ breaths/min",
                "Temp_Delta": "0.1 °C"
            },
            "pain_level": "Low",
            "intervention": [
                {
                    "type": "diaper change",
                    "detail": "Scheduled diaper change"
                }
            ]
        },
        {
            "timestamp": "2025-03-15 21:08:00",
            "vital_signs": {
                "heart_rate": "75 bpm",
                "respiratory_rate": "62 breaths/min",
                "body_temperature": "36.9 °C",
                "HR_Delta": "3.8 Δ",
                "RespRate_Delta": "23 Δ breaths/min",
                "Temp_Delta": "0.2 °C"
            },
            "pain_level": "Low"
        },
        {
            "timestamp": "2025-03-15 21:13:00",
            "vital_signs": {
                "heart_rate": "75 bpm",
                "respiratory_rate": "74 breaths/min",
                "body_temperature": "36.9 °C",
                "HR_Delta": "0.0 Δ",
                "RespRate_Delta": "12 Δ breaths/min",
                "Temp_Delta": "0.0 °C"
            },
            "pain_level": "Low"
        },
        {
            "timestamp": "2025-03-15 21:18:00",
            "vital_signs": {
                "heart_rate": "78 bpm",
                "respiratory_rate": "95 breaths/min",
                "body_temperature": "37.2 °C",
                "HR_Delta": "2.8 Δ",
                "RespRate_Delta": "21 Δ breaths/min",
                "Temp_Delta": "0.3 °C"
            },
            "pain_level": "Low"
        },
        {
            "timestamp": "2025-03-15 21:23:00",
            "vital_signs": {
                "heart_rate": "78 bpm",
                "respiratory_rate": "87 breaths/min",
                "body_temperature": "37.1 °C",
                "HR_Delta": "0.0 Δ",
                "RespRate_Delta": "9 Δ breaths/min",
                "Temp_Delta": "0.1 °C"
            },
            "pain_level": "Low",
            "intervention": [
                {
                    "type": "lighting adjustment",
                    "detail": "reduce noise"
                }
            ]
        },
        {
            "timestamp": "2025-03-15 21:28:00",
            "vital_signs": {
                "heart_rate": "77 bpm",
                "respiratory_rate": "97 breaths/min",
                "body_temperature": "37.3 °C",
                "HR_Delta": "0.9 Δ",
                "RespRate_Delta": "11 Δ breaths/min",
                "Temp_Delta": "0.2 °C"
            },
            "pain_level": "Low"
        },
        {
            "timestamp": "2025-03-15 21:33:00",
            "vital_signs": {
                "heart_rate": "80 bpm",
                "respiratory_rate": "95 breaths/min",
                "body_temperature": "37.0 °C",
                "HR_Delta": "3.0 Δ",
                "RespRate_Delta": "2 Δ breaths/min",
                "Temp_Delta": "0.3 °C"
            },
            "pain_level": "Low"
        },
        {
            "timestamp": "2025-03-15 21:38:00",
            "vital_signs": {
                "heart_rate": "75 bpm",
                "respiratory_rate": "86 breaths/min",
                "body_temperature": "37.3 °C",
                "HR_Delta": "4.8 Δ",
                "RespRate_Delta": "10 Δ breaths/min",
                "Temp_Delta": "0.3 °C"
            },
            "pain_level": "Low"
        },
        {
            "timestamp": "2025-03-15 21:43:00",
            "vital_signs": {
                "heart_rate": "80 bpm",
                "respiratory_rate": "62 breaths/min",
                "body_temperature": "36.5 °C",
                "HR_Delta": "5.0 Δ",
                "RespRate_Delta": "23 Δ breaths/min",
                "Temp_Delta": "0.8 °C"
            },
            "pain_level": "Low"
        },
        {
            "timestamp": "2025-03-15 21:48:00",
            "vital_signs": {
                "heart_rate": "68 bpm",
                "respiratory_rate": "74 breaths/min",
                "body_temperature": "37.3 °C",
                "HR_Delta": "12.7 Δ",
                "RespRate_Delta": "11 Δ breaths/min",
                "Temp_Delta": "0.8 °C"
            },
            "pain_level": "Low"
        },
        {
            "timestamp": "2025-03-15 21:53:00",
            "vital_signs": {
                "heart_rate": "80 bpm",
                "respiratory_rate": "76 breaths/min",
                "body_temperature": "36.6 °C",
                "HR_Delta": "12.1 Δ",
                "RespRate_Delta": "3 Δ breaths/min",
                "Temp_Delta": "0.7 °C"
            },
            "pain_level": "Low"
        },
        {
            "timestamp": "2025-03-15 21:58:00",
            "vital_signs": {
                "heart_rate": "77 bpm",
                "respiratory_rate": "58 breaths/min",
                "body_temperature": "37.3 °C",
                "HR_Delta": "2.9 Δ",
                "RespRate_Delta": "18 Δ breaths/min",
                "Temp_Delta": "0.7 °C"
            },
            "pain_level": "Low"
        },
        {
            "timestamp": "2025-03-15 22:03:00",
            "vital_signs": {
                "heart_rate": "79 bpm",
                "respiratory_rate": "39 breaths/min",
                "body_temperature": "36.7 °C",
                "HR_Delta": "2.6 Δ",
                "RespRate_Delta": "19 Δ breaths/min",
                "Temp_Delta": "0.6 °C"
            },
            "pain_level": "Low",
            "intervention": [
                {
                    "type": "position change",
                    "detail": "right lateral"
                }
            ]
        },
        {
            "timestamp": "2025-03-15 22:08:00",
            "vital_signs": {
                "heart_rate": "68 bpm",
                "respiratory_rate": "78 breaths/min",
                "body_temperature": "37.1 °C",
                "HR_Delta": "11.2 Δ",
                "RespRate_Delta": "39 Δ breaths/min",
                "Temp_Delta": "0.4 °C"
            },
            "pain_level": "Low"
        },
        {
            "timestamp": "2025-03-15 22:13:00",
            "vital_signs": {
                "heart_rate": "78 bpm",
                "respiratory_rate": "78 breaths/min",
                "body_temperature": "37.0 °C",
                "HR_Delta": "9.5 Δ",
                "RespRate_Delta": "0 Δ breaths/min",
                "Temp_Delta": "0.1 °C"
            },
            "pain_level": "Low"
        },
        {
            "timestamp": "2025-03-15 22:18:00",
            "vital_signs": {
                "heart_rate": "80 bpm",
                "respiratory_rate": "44 breaths/min",
                "body_temperature": "36.9 °C",
                "HR_Delta": "2.4 Δ",
                "RespRate_Delta": "34 Δ breaths/min",
                "Temp_Delta": "0.1 °C"
            },
            "pain_level": "Low"
        },
        {
            "timestamp": "2025-03-15 22:23:00",
            "vital_signs": {
                "heart_rate": "75 bpm",
                "respiratory_rate": "75 breaths/min",
                "body_temperature": "37.0 °C",
                "HR_Delta": "5.1 Δ",
                "RespRate_Delta": "31 Δ breaths/min",
                "Temp_Delta": "0.1 °C"
            },
            "pain_level": "Low"
        },
        {
            "timestamp": "2025-03-15 22:28:00",
            "vital_signs": {
                "heart_rate": "81 bpm",
                "respiratory_rate": "41 breaths/min",
                "body_temperature": "36.7 °C",
                "HR_Delta": "5.5 Δ",
                "RespRate_Delta": "34 Δ breaths/min",
                "Temp_Delta": "0.3 °C"
            },
            "pain_level": "Low"
        },
        {
            "timestamp": "2025-03-15 22:33:00",
            "vital_signs": {
                "heart_rate": "80 bpm",
                "respiratory_rate": "70 breaths/min",
                "body_temperature": "37.0 °C",
                "HR_Delta": "0.2 Δ",
                "RespRate_Delta": "28 Δ breaths/min",
                "Temp_Delta": "0.3 °C"
            },
            "pain_level": "Low"
        },
        {
            "timestamp": "2025-03-15 22:38:00",
            "vital_signs": {
                "heart_rate": "74 bpm",
                "respiratory_rate": "50 breaths/min",
                "body_temperature": "36.8 °C",
                "HR_Delta": "6.2 Δ",
                "RespRate_Delta": "19 Δ breaths/min",
                "Temp_Delta": "0.2 °C"
            },
            "pain_level": "Low"
        },
        {
            "timestamp": "2025-03-15 22:43:00",
            "vital_signs": {
                "heart_rate": "79 bpm",
                "respiratory_rate": "84 breaths/min",
                "body_temperature": "36.8 °C",
                "HR_Delta": "5.0 Δ",
                "RespRate_Delta": "34 Δ breaths/min",
                "Temp_Delta": "0.0 °C"
            },
            "pain_level": "Low"
        },
        {
            "timestamp": "2025-03-15 22:48:00",
            "vital_signs": {
                "heart_rate": "77 bpm",
                "respiratory_rate": "81 breaths/min",
                "body_temperature": "37.1 °C",
                "HR_Delta": "2.5 Δ",
                "RespRate_Delta": "3 Δ breaths/min",
                "Temp_Delta": "0.3 °C"
            },
            "pain_level": "Low"
        },
        {
            "timestamp": "2025-03-15 22:53:00",
            "vital_signs": {
                "heart_rate": "70 bpm",
                "respiratory_rate": "43 breaths/min",
                "body_temperature": "37.2 °C",
                "HR_Delta": "6.9 Δ",
                "RespRate_Delta": "38 Δ breaths/min",
                "Temp_Delta": "0.1 °C"
            },
            "pain_level": "Low"
        },
        {
            "timestamp": "2025-03-15 22:58:00",
            "vital_signs": {
                "heart_rate": "72 bpm",
                "respiratory_rate": "70 breaths/min",
                "body_temperature": "36.8 °C",
                "HR_Delta": "2.2 Δ",
                "RespRate_Delta": "27 Δ breaths/min",
                "Temp_Delta": "0.4 °C"
            },
            "pain_level": "Low",
            "intervention": [
                {
                    "type": "position change",
                    "detail": "prone"
                }
            ]
        },
        {
            "timestamp": "2025-03-15 23:03:00",
            "vital_signs": {
                "heart_rate": "82 bpm",
                "respiratory_rate": "84 breaths/min",
                "body_temperature": "37.0 °C",
                "HR_Delta": "10.1 Δ",
                "RespRate_Delta": "14 Δ breaths/min",
                "Temp_Delta": "0.2 °C"
            },
            "pain_level": "Low"
        },
        {
            "timestamp": "2025-03-15 23:08:00",
            "vital_signs": {
                "heart_rate": "78 bpm",
                "respiratory_rate": "82 breaths/min",
                "body_temperature": "36.7 °C",
                "HR_Delta": "4.1 Δ",
                "RespRate_Delta": "2 Δ breaths/min",
                "Temp_Delta": "0.3 °C"
            },
            "pain_level": "Low"
        },
        {
            "timestamp": "2025-03-15 23:13:00",
            "vital_signs": {
                "heart_rate": "79 bpm",
                "respiratory_rate": "85 breaths/min",
                "body_temperature": "37.1 °C",
                "HR_Delta": "1.1 Δ",
                "RespRate_Delta": "2 Δ breaths/min",
                "Temp_Delta": "0.4 °C"
            },
            "pain_level": "Low"
        },
        {
            "timestamp": "2025-03-15 23:18:00",
            "vital_signs": {
                "heart_rate": "78 bpm",
                "respiratory_rate": "96 breaths/min",
                "body_temperature": "36.8 °C",
                "HR_Delta": "0.5 Δ",
                "RespRate_Delta": "11 Δ breaths/min",
                "Temp_Delta": "0.3 °C"
            },
            "pain_level": "Low"
        },
        {
            "timestamp": "2025-03-15 23:23:00",
            "vital_signs": {
                "heart_rate": "79 bpm",
                "respiratory_rate": "81 breaths/min",
                "body_temperature": "37.0 °C",
                "HR_Delta": "0.9 Δ",
                "RespRate_Delta": "15 Δ breaths/min",
                "Temp_Delta": "0.2 °C"
            },
            "pain_level": "Low"
        },
        {
            "timestamp": "2025-03-15 23:28:00",
            "vital_signs": {
                "heart_rate": "83 bpm",
                "respiratory_rate": "74 breaths/min",
                "body_temperature": "36.9 °C",
                "HR_Delta": "3.5 Δ",
                "RespRate_Delta": "8 Δ breaths/min",
                "Temp_Delta": "0.1 °C"
            },
            "pain_level": "Low",
            "intervention": [
                {
                    "type": "position change",
                    "detail": "supine"
                }
            ]
        },
        {
            "timestamp": "2025-03-15 23:33:00",
            "vital_signs": {
                "heart_rate": "76 bpm",
                "respiratory_rate": "73 breaths/min",
                "body_temperature": "36.9 °C",
                "HR_Delta": "6.6 Δ",
                "RespRate_Delta": "0 Δ breaths/min",
                "Temp_Delta": "0.0 °C"
            },
            "pain_level": "Low"
        },
        {
            "timestamp": "2025-03-15 23:38:00",
            "vital_signs": {
                "heart_rate": "73 bpm",
                "respiratory_rate": "66 breaths/min",
                "body_temperature": "36.6 °C",
                "HR_Delta": "3.4 Δ",
                "RespRate_Delta": "7 Δ breaths/min",
                "Temp_Delta": "0.3 °C"
            },
            "pain_level": "Low",
            "intervention": [
                {
                    "type": "position change",
                    "detail": "left lateral"
                }
            ]
        },
        {
            "timestamp": "2025-03-15 23:43:00",
            "vital_signs": {
                "heart_rate": "72 bpm",
                "respiratory_rate": "35 breaths/min",
                "body_temperature": "37.2 °C",
                "HR_Delta": "0.6 Δ",
                "RespRate_Delta": "31 Δ breaths/min",
                "Temp_Delta": "0.6 °C"
            },
            "pain_level": "Low"
        },
        {
            "timestamp": "2025-03-15 23:48:00",
            "vital_signs": {
                "heart_rate": "81 bpm",
                "respiratory_rate": "35 breaths/min",
                "body_temperature": "37.2 °C",
                "HR_Delta": "8.6 Δ",
                "RespRate_Delta": "0 Δ breaths/min",
                "Temp_Delta": "0.0 °C"
            },
            "pain_level": "Low"
        },
        {
            "timestamp": "2025-03-15 23:53:00",
            "vital_signs": {
                "heart_rate": "72 bpm",
                "respiratory_rate": "31 breaths/min",
                "body_temperature": "36.9 °C",
                "HR_Delta": "8.7 Δ",
                "RespRate_Delta": "4 Δ breaths/min",
                "Temp_Delta": "0.3 °C"
            },
            "pain_level": "Low"
        },
        {
            "timestamp": "2025-03-15 23:58:00",
            "vital_signs": {
                "heart_rate": "77 bpm",
                "respiratory_rate": "35 breaths/min",
                "body_temperature": "36.9 °C",
                "HR_Delta": "4.6 Δ",
                "RespRate_Delta": "4 Δ breaths/min",
                "Temp_Delta": "0.0 °C"
            },
            "pain_level": "Low"
        },
        {
            "timestamp": "2025-03-16 00:03:00",
            "vital_signs": {
                "heart_rate": "80 bpm",
                "respiratory_rate": "70 breaths/min",
                "body_temperature": "37.2 °C",
                "HR_Delta": "2.8 Δ",
                "RespRate_Delta": "35 Δ breaths/min",
                "Temp_Delta": "0.3 °C"
            },
            "pain_level": "Low",
            "intervention": [
                {
                    "type": "diaper change",
                    "detail": "Scheduled diaper change"
                }
            ]
        },
        {
            "timestamp": "2025-03-16 00:08:00",
            "vital_signs": {
                "heart_rate": "73 bpm",
                "respiratory_rate": "67 breaths/min",
                "body_temperature": "37.0 °C",
                "HR_Delta": "6.1 Δ",
                "RespRate_Delta": "3 Δ breaths/min",
                "Temp_Delta": "0.2 °C"
            },
            "pain_level": "Low"
        },
        {
            "timestamp": "2025-03-16 00:13:00",
            "vital_signs": {
                "heart_rate": "78 bpm",
                "respiratory_rate": "39 breaths/min",
                "body_temperature": "37.3 °C",
                "HR_Delta": "4.1 Δ",
                "RespRate_Delta": "28 Δ breaths/min",
                "Temp_Delta": "0.3 °C"
            },
            "pain_level": "Low"
        },
        {
            "timestamp": "2025-03-16 00:18:00",
            "vital_signs": {
                "heart_rate": "79 bpm",
                "respiratory_rate": "65 breaths/min",
                "body_temperature": "36.8 °C",
                "HR_Delta": "1.5 Δ",
                "RespRate_Delta": "26 Δ breaths/min",
                "Temp_Delta": "0.5 °C"
            },
            "pain_level": "Low"
        },
        {
            "timestamp": "2025-03-16 00:23:00",
            "vital_signs": {
                "heart_rate": "77 bpm",
                "respiratory_rate": "37 breaths/min",
                "body_temperature": "36.6 °C",
                "HR_Delta": "1.7 Δ",
                "RespRate_Delta": "28 Δ breaths/min",
                "Temp_Delta": "0.2 °C"
            },
            "pain_level": "Low"
        },
        {
            "timestamp": "2025-03-16 00:28:00",
            "vital_signs": {
                "heart_rate": "78 bpm",
                "respiratory_rate": "47 breaths/min",
                "body_temperature": "37.1 °C",
                "HR_Delta": "0.8 Δ",
                "RespRate_Delta": "10 Δ breaths/min",
                "Temp_Delta": "0.5 °C"
            },
            "pain_level": "Low"
        },
        {
            "timestamp": "2025-03-16 00:33:00",
            "vital_signs": {
                "heart_rate": "74 bpm",
                "respiratory_rate": "76 breaths/min",
                "body_temperature": "37.3 °C",
                "HR_Delta": "4.7 Δ",
                "RespRate_Delta": "29 Δ breaths/min",
                "Temp_Delta": "0.2 °C"
            },
            "pain_level": "Low"
        },
        {
            "timestamp": "2025-03-16 00:38:00",
            "vital_signs": {
                "heart_rate": "75 bpm",
                "respiratory_rate": "64 breaths/min",
                "body_temperature": "36.7 °C",
                "HR_Delta": "1.2 Δ",
                "RespRate_Delta": "13 Δ breaths/min",
                "Temp_Delta": "0.6 °C"
            },
            "pain_level": "Low"
        },
        {
            "timestamp": "2025-03-16 00:43:00",
            "vital_signs": {
                "heart_rate": "80 bpm",
                "respiratory_rate": "39 breaths/min",
                "body_temperature": "37.2 °C",
                "HR_Delta": "5.6 Δ",
                "RespRate_Delta": "25 Δ breaths/min",
                "Temp_Delta": "0.5 °C"
            },
            "pain_level": "Low"
        },
        {
            "timestamp": "2025-03-16 00:48:00",
            "vital_signs": {
                "heart_rate": "76 bpm",
                "respiratory_rate": "71 breaths/min",
                "body_temperature": "37.3 °C",
                "HR_Delta": "4.1 Δ",
                "RespRate_Delta": "32 Δ breaths/min",
                "Temp_Delta": "0.1 °C"
            },
            "pain_level": "Low"
        },
        {
            "timestamp": "2025-03-16 00:53:00",
            "vital_signs": {
                "heart_rate": "72 bpm",
                "respiratory_rate": "80 breaths/min",
                "body_temperature": "37.3 °C",
                "HR_Delta": "4.1 Δ",
                "RespRate_Delta": "9 Δ breaths/min",
                "Temp_Delta": "0.0 °C"
            },
            "pain_level": "Low"
        },
        {
            "timestamp": "2025-03-16 00:58:00",
            "vital_signs": {
                "heart_rate": "77 bpm",
                "respiratory_rate": "82 breaths/min",
                "body_temperature": "36.5 °C",
                "HR_Delta": "4.3 Δ",
                "RespRate_Delta": "2 Δ breaths/min",
                "Temp_Delta": "0.8 °C"
            },
            "pain_level": "Low"
        },
        {
            "timestamp": "2025-03-16 01:03:00",
            "vital_signs": {
                "heart_rate": "77 bpm",
                "respiratory_rate": "37 breaths/min",
                "body_temperature": "37.2 °C",
                "HR_Delta": "0.5 Δ",
                "RespRate_Delta": "45 Δ breaths/min",
                "Temp_Delta": "0.7 °C"
            },
            "pain_level": "Low"
        },
        {
            "timestamp": "2025-03-16 01:08:00",
            "vital_signs": {
                "heart_rate": "73 bpm",
                "respiratory_rate": "39 breaths/min",
                "body_temperature": "37.1 °C",
                "HR_Delta": "3.9 Δ",
                "RespRate_Delta": "2 Δ breaths/min",
                "Temp_Delta": "0.1 °C"
            },
            "pain_level": "Low"
        },
        {
            "timestamp": "2025-03-16 01:13:00",
            "vital_signs": {
                "heart_rate": "75 bpm",
                "respiratory_rate": "85 breaths/min",
                "body_temperature": "37.1 °C",
                "HR_Delta": "2.1 Δ",
                "RespRate_Delta": "47 Δ breaths/min",
                "Temp_Delta": "0.0 °C"
            },
            "pain_level": "Low"
        },
        {
            "timestamp": "2025-03-16 01:18:00",
            "vital_signs": {
                "heart_rate": "81 bpm",
                "respiratory_rate": "68 breaths/min",
                "body_temperature": "37.2 °C",
                "HR_Delta": "5.8 Δ",
                "RespRate_Delta": "18 Δ breaths/min",
                "Temp_Delta": "0.1 °C"
            },
            "pain_level": "Low"
        },
        {
            "timestamp": "2025-03-16 01:23:00",
            "vital_signs": {
                "heart_rate": "77 bpm",
                "respiratory_rate": "50 breaths/min",
                "body_temperature": "36.5 °C",
                "HR_Delta": "4.5 Δ",
                "RespRate_Delta": "17 Δ breaths/min",
                "Temp_Delta": "0.7 °C"
            },
            "pain_level": "Low"
        },
        {
            "timestamp": "2025-03-16 01:28:00",
            "vital_signs": {
                "heart_rate": "71 bpm",
                "respiratory_rate": "55 breaths/min",
                "body_temperature": "37.4 °C",
                "HR_Delta": "5.5 Δ",
                "RespRate_Delta": "5 Δ breaths/min",
                "Temp_Delta": "0.9 °C"
            },
            "pain_level": "Low"
        },
        {
            "timestamp": "2025-03-16 01:33:00",
            "vital_signs": {
                "heart_rate": "76 bpm",
                "respiratory_rate": "68 breaths/min",
                "body_temperature": "36.8 °C",
                "HR_Delta": "5.3 Δ",
                "RespRate_Delta": "13 Δ breaths/min",
                "Temp_Delta": "0.6 °C"
            },
            "pain_level": "Low",
            "intervention": [
                {
                    "type": "position change",
                    "detail": "supine"
                }
            ]
        },
        {
            "timestamp": "2025-03-16 01:38:00",
            "vital_signs": {
                "heart_rate": "82 bpm",
                "respiratory_rate": "93 breaths/min",
                "body_temperature": "36.8 °C",
                "HR_Delta": "5.6 Δ",
                "RespRate_Delta": "25 Δ breaths/min",
                "Temp_Delta": "0.0 °C"
            },
            "pain_level": "Low"
        },
        {
            "timestamp": "2025-03-16 01:43:00",
            "vital_signs": {
                "heart_rate": "70 bpm",
                "respiratory_rate": "67 breaths/min",
                "body_temperature": "36.8 °C",
                "HR_Delta": "12.0 Δ",
                "RespRate_Delta": "26 Δ breaths/min",
                "Temp_Delta": "0.0 °C"
            },
            "pain_level": "Low"
        },
        {
            "timestamp": "2025-03-16 01:48:00",
            "vital_signs": {
                "heart_rate": "74 bpm",
                "respiratory_rate": "47 breaths/min",
                "body_temperature": "36.8 °C",
                "HR_Delta": "3.8 Δ",
                "RespRate_Delta": "19 Δ breaths/min",
                "Temp_Delta": "0.0 °C"
            },
            "pain_level": "Low"
        },
        {
            "timestamp": "2025-03-16 01:53:00",
            "vital_signs": {
                "heart_rate": "80 bpm",
                "respiratory_rate": "78 breaths/min",
                "body_temperature": "37.1 °C",
                "HR_Delta": "5.9 Δ",
                "RespRate_Delta": "30 Δ breaths/min",
                "Temp_Delta": "0.3 °C"
            },
            "pain_level": "Low"
        },
        {
            "timestamp": "2025-03-16 01:58:00",
            "vital_signs": {
                "heart_rate": "73 bpm",
                "respiratory_rate": "86 breaths/min",
                "body_temperature": "37.1 °C",
                "HR_Delta": "7.1 Δ",
                "RespRate_Delta": "8 Δ breaths/min",
                "Temp_Delta": "0.0 °C"
            },
            "pain_level": "Low"
        }
    ]
}