{
    "patient_id": "John Doe",
    "Sex": "M",
    "Age": "Age: 15 Days",
    "Weight": "3.7 kg",
    "Conditions": [
        "Bradycardia",
        "Tachycardia"
    ],
    "data": [
        {
            "timestamp": "2025-03-14 16:43:00",
            "vital_signs": {
                "heart_rate": "135 bpm",
                "respiratory_rate": "32 breaths/min",
                "body_temperature": "36.6 °C",
                "HR_Delta": null,
                "RespRate_Delta": null,
                "Temp_Delta": null
            },
            "pain_level": "Low",
            "intervention": [
                {
                    "type": "diaper change",
                    "detail": "Scheduled diaper change"
                },
                {
                    "type": "position change",
                    "detail": "left lateral"
                }
            ]
        },
        {
            "timestamp": "2025-03-14 16:48:00",
            "vital_signs": {
                "heart_rate": "138 bpm",
                "respiratory_rate": "54 breaths/min",
                "body_temperature": "36.7 °C",
                "HR_Delta": "2.4 Δ",
                "RespRate_Delta": "21 Δ breaths/min",
                "Temp_Delta": "0.1 °C"
            },
            "pain_level": "Low"
        },
        {
            "timestamp": "2025-03-14 16:53:00",
            "vital_signs": {
                "heart_rate": "140 bpm",
                "respiratory_rate": "86 breaths/min",
                "body_temperature": "36.6 °C",
                "HR_Delta": "2.2 Δ",
                "RespRate_Delta": "33 Δ breaths/min",
                "Temp_Delta": "0.1 °C"
            },
            "pain_level": "Low",
            "intervention": [
                {
                    "type": "oxygen administration",
                    "detail": "increase flow"
                }
            ]
        },
        {
            "timestamp": "2025-03-14 16:58:00",
            "vital_signs": {
                "heart_rate": "138 bpm",
                "respiratory_rate": "72 breaths/min",
                "body_temperature": "36.8 °C",
                "HR_Delta": "1.8 Δ",
                "RespRate_Delta": "15 Δ breaths/min",
                "Temp_Delta": "0.2 °C"
            },
            "pain_level": "Low"
        },
        {
            "timestamp": "2025-03-14 17:03:00",
            "vital_signs": {
                "heart_rate": "142 bpm",
                "respiratory_rate": "65 breaths/min",
                "body_temperature": "37.2 °C",
                "HR_Delta": "4.3 Δ",
                "RespRate_Delta": "7 Δ breaths/min",
                "Temp_Delta": "0.4 °C"
            },
            "pain_level": "Low"
        },
        {
            "timestamp": "2025-03-14 17:08:00",
            "vital_signs": {
                "heart_rate": "131 bpm",
                "respiratory_rate": "71 breaths/min",
                "body_temperature": "37.1 °C",
                "HR_Delta": "11.5 Δ",
                "RespRate_Delta": "7 Δ breaths/min",
                "Temp_Delta": "0.1 °C"
            },
            "pain_level": "Low"
        },
        {
            "timestamp": "2025-03-14 17:13:00",
            "vital_signs": {
                "heart_rate": "145 bpm",
                "respiratory_rate": "90 breaths/min",
                "body_temperature": "36.6 °C",
                "HR_Delta": "13.7 Δ",
                "RespRate_Delta": "19 Δ breaths/min",
                "Temp_Delta": "0.5 °C"
            },
            "pain_level": "Low"
        },
        {
            "timestamp": "2025-03-14 17:18:00",
            "vital_signs": {
                "heart_rate": "134 bpm",
                "respiratory_rate": "53 breaths/min",
                "body_temperature": "36.6 °C",
                "HR_Delta": "10.9 Δ",
                "RespRate_Delta": "37 Δ breaths/min",
                "Temp_Delta": "0.0 °C"
            },
            "pain_level": "Low"
        },
        {
            "timestamp": "2025-03-14 17:23:00",
            "vital_signs": {
                "heart_rate": "129 bpm",
                "respiratory_rate": "81 breaths/min",
                "body_temperature": "37.2 °C",
                "HR_Delta": "4.2 Δ",
                "RespRate_Delta": "28 Δ breaths/min",
                "Temp_Delta": "0.6 °C"
            },
            "pain_level": "Low"
        },
        {
            "timestamp": "2025-03-14 17:28:00",
            "vital_signs": {
                "heart_rate": "149 bpm",
                "respiratory_rate": "73 breaths/min",
                "body_temperature": "37.4 °C",
                "HR_Delta": "19.3 Δ",
                "RespRate_Delta": "9 Δ breaths/min",
                "Temp_Delta": "0.2 °C"
            },
            "pain_level": "Low"
        },
        {
            "timestamp": "2025-03-14 17:33:00",
            "vital_signs": {
                "heart_rate": "131 bpm",
                "respiratory_rate": "58 breaths/min",
                "body_temperature": "36.8 °C",
                "HR_Delta": "18.1 Δ",
                "RespRate_Delta": "15 Δ breaths/min",
                "Temp_Delta": "0.6 °C"
            },
            "pain_level": "Low"
        },
        {
            "timestamp": "2025-03-14 17:38:00",
            "vital_signs": {
                "heart_rate": "130 bpm",
                "respiratory_rate": "75 breaths/min",
                "body_temperature": "36.8 °C",
                "HR_Delta": "0.0 Δ",
                "RespRate_Delta": "17 Δ breaths/min",
                "Temp_Delta": "0.0 °C"
            },
            "pain_level": "Low"
        },
        {
            "timestamp": "2025-03-14 17:43:00",
            "vital_signs": {
                "heart_rate": "140 bpm",
                "respiratory_rate": "40 breaths/min",
                "body_temperature": "36.6 °C",
                "HR_Delta": "9.9 Δ",
                "RespRate_Delta": "36 Δ breaths/min",
                "Temp_Delta": "0.2 °C"
            },
            "pain_level": "Low"
        },
        {
            "timestamp": "2025-03-14 17:48:00",
            "vital_signs": {
                "heart_rate": "136 bpm",
                "respiratory_rate": "57 breaths/min",
                "body_temperature": "37.1 °C",
                "HR_Delta": "4.2 Δ",
                "RespRate_Delta": "17 Δ breaths/min",
                "Temp_Delta": "0.5 °C"
            },
            "pain_level": "Low"
        },
        {
            "timestamp": "2025-03-14 17:53:00",
            "vital_signs": {
                "heart_rate": "133 bpm",
                "respiratory_rate": "34 breaths/min",
                "body_temperature": "37.1 °C",
                "HR_Delta": "3.4 Δ",
                "RespRate_Delta": "23 Δ breaths/min",
                "Temp_Delta": "0.0 °C"
            },
            "pain_level": "Low"
        },
        {
            "timestamp": "2025-03-14 17:58:00",
            "vital_signs": {
                "heart_rate": "143 bpm",
                "respiratory_rate": "35 breaths/min",
                "body_temperature": "36.5 °C",
                "HR_Delta": "9.8 Δ",
                "RespRate_Delta": "1 Δ breaths/min",
                "Temp_Delta": "0.6 °C"
            },
            "pain_level": "Low"
        },
        {
            "timestamp": "2025-03-14 18:03:00",
            "vital_signs": {
                "heart_rate": "129 bpm",
                "respiratory_rate": "68 breaths/min",
                "body_temperature": "37.1 °C",
                "HR_Delta": "13.4 Δ",
                "RespRate_Delta": "33 Δ breaths/min",
                "Temp_Delta": "0.6 °C"
            },
            "pain_level": "Low",
            "intervention": [
                {
                    "type": "position change",
                    "detail": "supine"
                }
            ]
        },
        {
            "timestamp": "2025-03-14 18:08:00",
            "vital_signs": {
                "heart_rate": "131 bpm",
                "respiratory_rate": "44 breaths/min",
                "body_temperature": "36.8 °C",
                "HR_Delta": "2.2 Δ",
                "RespRate_Delta": "24 Δ breaths/min",
                "Temp_Delta": "0.3 °C"
            },
            "pain_level": "Low"
        },
        {
            "timestamp": "2025-03-14 18:13:00",
            "vital_signs": {
                "heart_rate": "131 bpm",
                "respiratory_rate": "86 breaths/min",
                "body_temperature": "37.3 °C",
                "HR_Delta": "0.7 Δ",
                "RespRate_Delta": "42 Δ breaths/min",
                "Temp_Delta": "0.5 °C"
            },
            "pain_level": "Low"
        },
        {
            "timestamp": "2025-03-14 18:18:00",
            "vital_signs": {
                "heart_rate": "134 bpm",
                "respiratory_rate": "73 breaths/min",
                "body_temperature": "36.7 °C",
                "HR_Delta": "3.4 Δ",
                "RespRate_Delta": "13 Δ breaths/min",
                "Temp_Delta": "0.6 °C"
            },
            "pain_level": "Low"
        },
        {
            "timestamp": "2025-03-14 18:23:00",
            "vital_signs": {
                "heart_rate": "140 bpm",
                "respiratory_rate": "94 breaths/min",
                "body_temperature": "37.4 °C",
                "HR_Delta": "5.6 Δ",
                "RespRate_Delta": "21 Δ breaths/min",
                "Temp_Delta": "0.7 °C"
            },
            "pain_level": "Low"
        },
        {
            "timestamp": "2025-03-14 18:28:00",
            "vital_signs": {
                "heart_rate": "132 bpm",
                "respiratory_rate": "83 breaths/min",
                "body_temperature": "36.7 °C",
                "HR_Delta": "7.9 Δ",
                "RespRate_Delta": "11 Δ breaths/min",
                "Temp_Delta": "0.7 °C"
            },
            "pain_level": "Low",
            "intervention": [
                {
                    "type": "family visitation",
                    "detail": null
                }
            ]
        },
        {
            "timestamp": "2025-03-14 18:33:00",
            "vital_signs": {
                "heart_rate": "129 bpm",
                "respiratory_rate": "84 breaths/min",
                "body_temperature": "36.6 °C",
                "HR_Delta": "2.5 Δ",
                "RespRate_Delta": "1 Δ breaths/min",
                "Temp_Delta": "0.1 °C"
            },
            "pain_level": "Low"
        },
        {
            "timestamp": "2025-03-14 18:38:00",
            "vital_signs": {
                "heart_rate": "137 bpm",
                "respiratory_rate": "91 breaths/min",
                "body_temperature": "37.2 °C",
                "HR_Delta": "7.7 Δ",
                "RespRate_Delta": "7 Δ breaths/min",
                "Temp_Delta": "0.6 °C"
            },
            "pain_level": "Low"
        },
        {
            "timestamp": "2025-03-14 18:43:00",
            "vital_signs": {
                "heart_rate": "139 bpm",
                "respiratory_rate": "38 breaths/min",
                "body_temperature": "37.2 °C",
                "HR_Delta": "2.1 Δ",
                "RespRate_Delta": "53 Δ breaths/min",
                "Temp_Delta": "0.0 °C"
            },
            "pain_level": "Low"
        },
        {
            "timestamp": "2025-03-14 18:48:00",
            "vital_signs": {
                "heart_rate": "129 bpm",
                "respiratory_rate": "36 breaths/min",
                "body_temperature": "37.3 °C",
                "HR_Delta": "10.1 Δ",
                "RespRate_Delta": "2 Δ breaths/min",
                "Temp_Delta": "0.1 °C"
            },
            "pain_level": "Low"
        },
        {
            "timestamp": "2025-03-14 18:53:00",
            "vital_signs": {
                "heart_rate": "131 bpm",
                "respiratory_rate": "71 breaths/min",
                "body_temperature": "36.7 °C",
                "HR_Delta": "2.2 Δ",
                "RespRate_Delta": "36 Δ breaths/min",
                "Temp_Delta": "0.6 °C"
            },
            "pain_level": "Low"
        },
        {
            "timestamp": "2025-03-14 18:58:00",
            "vital_signs": {
                "heart_rate": "136 bpm",
                "respiratory_rate": "41 breaths/min",
                "body_temperature": "36.7 °C",
                "HR_Delta": "4.2 Δ",
                "RespRate_Delta": "31 Δ breaths/min",
                "Temp_Delta": "0.0 °C"
            },
            "pain_level": "Low"
        },
        {
            "timestamp": "2025-03-14 19:03:00",
            "vital_signs": {
                "heart_rate": "128 bpm",
                "respiratory_rate": "69 breaths/min",
                "body_temperature": "36.7 °C",
                "HR_Delta": "7.4 Δ",
                "RespRate_Delta": "29 Δ breaths/min",
                "Temp_Delta": "0.0 °C"
            },
            "pain_level": "Low"
        },
        {
            "timestamp": "2025-03-14 19:08:00",
            "vital_signs": {
                "heart_rate": "129 bpm",
                "respiratory_rate": "57 breaths/min",
                "body_temperature": "37.1 °C",
                "HR_Delta": "1.1 Δ",
                "RespRate_Delta": "13 Δ breaths/min",
                "Temp_Delta": "0.4 °C"
            },
            "pain_level": "Low"
        },
        {
            "timestamp": "2025-03-14 19:13:00",
            "vital_signs": {
                "heart_rate": "133 bpm",
                "respiratory_rate": "66 breaths/min",
                "body_temperature": "36.8 °C",
                "HR_Delta": "3.3 Δ",
                "RespRate_Delta": "9 Δ breaths/min",
                "Temp_Delta": "0.3 °C"
            },
            "pain_level": "Low"
        },
        {
            "timestamp": "2025-03-14 19:18:00",
            "vital_signs": {
                "heart_rate": "133 bpm",
                "respiratory_rate": "35 breaths/min",
                "body_temperature": "36.7 °C",
                "HR_Delta": "0.8 Δ",
                "RespRate_Delta": "31 Δ breaths/min",
                "Temp_Delta": "0.1 °C"
            },
            "pain_level": "Low"
        },
        {
            "timestamp": "2025-03-14 19:23:00",
            "vital_signs": {
                "heart_rate": "147 bpm",
                "respiratory_rate": "31 breaths/min",
                "body_temperature": "36.6 °C",
                "HR_Delta": "13.8 Δ",
                "RespRate_Delta": "4 Δ breaths/min",
                "Temp_Delta": "0.1 °C"
            },
            "pain_level": "Low"
        },
        {
            "timestamp": "2025-03-14 19:28:00",
            "vital_signs": {
                "heart_rate": "130 bpm",
                "respiratory_rate": "39 breaths/min",
                "body_temperature": "37.0 °C",
                "HR_Delta": "16.9 Δ",
                "RespRate_Delta": "8 Δ breaths/min",
                "Temp_Delta": "0.4 °C"
            },
            "pain_level": "Low"
        },
        {
            "timestamp": "2025-03-14 19:33:00",
            "vital_signs": {
                "heart_rate": "139 bpm",
                "respiratory_rate": "76 breaths/min",
                "body_temperature": "36.6 °C",
                "HR_Delta": "8.8 Δ",
                "RespRate_Delta": "37 Δ breaths/min",
                "Temp_Delta": "0.4 °C"
            },
            "pain_level": "Low"
        },
        {
            "timestamp": "2025-03-14 19:38:00",
            "vital_signs": {
                "heart_rate": "148 bpm",
                "respiratory_rate": "47 breaths/min",
                "body_temperature": "36.7 °C",
                "HR_Delta": "8.4 Δ",
                "RespRate_Delta": "29 Δ breaths/min",
                "Temp_Delta": "0.1 °C"
            },
            "pain_level": "Low"
        },
        {
            "timestamp": "2025-03-14 19:43:00",
            "vital_signs": {
                "heart_rate": "129 bpm",
                "respiratory_rate": "64 breaths/min",
                "body_temperature": "36.9 °C",
                "HR_Delta": "18.7 Δ",
                "RespRate_Delta": "17 Δ breaths/min",
                "Temp_Delta": "0.2 °C"
            },
            "pain_level": "Low",
            "intervention": [
                {
                    "type": "diaper change",
                    "detail": "Scheduled diaper change"
                }
            ]
        },
        {
            "timestamp": "2025-03-14 19:48:00",
            "vital_signs": {
                "heart_rate": "130 bpm",
                "respiratory_rate": "81 breaths/min",
                "body_temperature": "37.3 °C",
                "HR_Delta": "0.6 Δ",
                "RespRate_Delta": "18 Δ breaths/min",
                "Temp_Delta": "0.4 °C"
            },
            "pain_level": "Low"
        },
        {
            "timestamp": "2025-03-14 19:53:00",
            "vital_signs": {
                "heart_rate": "141 bpm",
                "respiratory_rate": "76 breaths/min",
                "body_temperature": "36.9 °C",
                "HR_Delta": "11.8 Δ",
                "RespRate_Delta": "5 Δ breaths/min",
                "Temp_Delta": "0.4 °C"
            },
            "pain_level": "Low"
        },
        {
            "timestamp": "2025-03-14 19:58:00",
            "vital_signs": {
                "heart_rate": "139 bpm",
                "respiratory_rate": "60 breaths/min",
                "body_temperature": "36.9 °C",
                "HR_Delta": "2.2 Δ",
                "RespRate_Delta": "16 Δ breaths/min",
                "Temp_Delta": "0.0 °C"
            },
            "pain_level": "Low"
        },
        {
            "timestamp": "2025-03-14 20:03:00",
            "vital_signs": {
                "heart_rate": "135 bpm",
                "respiratory_rate": "60 breaths/min",
                "body_temperature": "36.9 °C",
                "HR_Delta": "3.6 Δ",
                "RespRate_Delta": "1 Δ breaths/min",
                "Temp_Delta": "0.0 °C"
            },
            "pain_level": "Low"
        },
        {
            "timestamp": "2025-03-14 20:08:00",
            "vital_signs": {
                "heart_rate": "136 bpm",
                "respiratory_rate": "71 breaths/min",
                "body_temperature": "36.6 °C",
                "HR_Delta": "0.4 Δ",
                "RespRate_Delta": "12 Δ breaths/min",
                "Temp_Delta": "0.3 °C"
            },
            "pain_level": "Low"
        },
        {
            "timestamp": "2025-03-14 20:13:00",
            "vital_signs": {
                "heart_rate": "141 bpm",
                "respiratory_rate": "62 breaths/min",
                "body_temperature": "37.0 °C",
                "HR_Delta": "5.3 Δ",
                "RespRate_Delta": "10 Δ breaths/min",
                "Temp_Delta": "0.4 °C"
            },
            "pain_level": "Low",
            "intervention": [
                {
                    "type": "position change",
                    "detail": "left lateral"
                }
            ]
        },
        {
            "timestamp": "2025-03-14 20:18:00",
            "vital_signs": {
                "heart_rate": "128 bpm",
                "respiratory_rate": "59 breaths/min",
                "body_temperature": "37.2 °C",
                "HR_Delta": "12.9 Δ",
                "RespRate_Delta": "3 Δ breaths/min",
                "Temp_Delta": "0.2 °C"
            },
            "pain_level": "Low"
        },
        {
            "timestamp": "2025-03-14 20:23:00",
            "vital_signs": {
                "heart_rate": "145 bpm",
                "respiratory_rate": "50 breaths/min",
                "body_temperature": "37.2 °C",
                "HR_Delta": "16.5 Δ",
                "RespRate_Delta": "9 Δ breaths/min",
                "Temp_Delta": "0.0 °C"
            },
            "pain_level": "Low"
        },
        {
            "timestamp": "2025-03-14 20:28:00",
            "vital_signs": {
                "heart_rate": "129 bpm",
                "respiratory_rate": "73 breaths/min",
                "body_temperature": "36.9 °C",
                "HR_Delta": "16.4 Δ",
                "RespRate_Delta": "23 Δ breaths/min",
                "Temp_Delta": "0.3 °C"
            },
            "pain_level": "Low"
        },
        {
            "timestamp": "2025-03-14 20:33:00",
            "vital_signs": {
                "heart_rate": "136 bpm",
                "respiratory_rate": "75 breaths/min",
                "body_temperature": "37.1 °C",
                "HR_Delta": "7.2 Δ",
                "RespRate_Delta": "2 Δ breaths/min",
                "Temp_Delta": "0.2 °C"
            },
            "pain_level": "Low"
        },
        {
            "timestamp": "2025-03-14 20:38:00",
            "vital_signs": {
                "heart_rate": "126 bpm",
                "respiratory_rate": "63 breaths/min",
                "body_temperature": "37.3 °C",
                "HR_Delta": "9.6 Δ",
                "RespRate_Delta": "12 Δ breaths/min",
                "Temp_Delta": "0.2 °C"
            },
            "pain_level": "Low"
        },
        {
            "timestamp": "2025-03-14 20:43:00",
            "vital_signs": {
                "heart_rate": "125 bpm",
                "respiratory_rate": "69 breaths/min",
                "body_temperature": "36.8 °C",
                "HR_Delta": "1.4 Δ",
                "RespRate_Delta": "6 Δ breaths/min",
                "Temp_Delta": "0.5 °C"
            },
            "pain_level": "Low",
            "intervention": [
                {
                    "type": "position change",
                    "detail": "prone"
                }
            ]
        },
        {
            "timestamp": "2025-03-14 20:48:00",
            "vital_signs": {
                "heart_rate": "106 bpm",
                "respiratory_rate": "43 breaths/min",
                "body_temperature": "37.3 °C",
                "HR_Delta": "18.6 Δ",
                "RespRate_Delta": "26 Δ breaths/min",
                "Temp_Delta": "0.5 °C"
            },
            "pain_level": "Low"
        },
        {
            "timestamp": "2025-03-14 20:53:00",
            "vital_signs": {
                "heart_rate": "106 bpm",
                "respiratory_rate": "71 breaths/min",
                "body_temperature": "37.0 °C",
                "HR_Delta": "0.4 Δ",
                "RespRate_Delta": "28 Δ breaths/min",
                "Temp_Delta": "0.3 °C"
            },
            "pain_level": "Low"
        },
        {
            "timestamp": "2025-03-14 20:58:00",
            "vital_signs": {
                "heart_rate": "106 bpm",
                "respiratory_rate": "80 breaths/min",
                "body_temperature": "37.4 °C",
                "HR_Delta": "0.3 Δ",
                "RespRate_Delta": "9 Δ breaths/min",
                "Temp_Delta": "0.4 °C"
            },
            "pain_level": "Low"
        },
        {
            "timestamp": "2025-03-14 21:03:00",
            "vital_signs": {
                "heart_rate": "129 bpm",
                "respiratory_rate": "77 breaths/min",
                "body_temperature": "37.1 °C",
                "HR_Delta": "22.9 Δ",
                "RespRate_Delta": "3 Δ breaths/min",
                "Temp_Delta": "0.3 °C"
            },
            "pain_level": "Low"
        },
        {
            "timestamp": "2025-03-14 21:08:00",
            "vital_signs": {
                "heart_rate": "132 bpm",
                "respiratory_rate": "55 breaths/min",
                "body_temperature": "37.3 °C",
                "HR_Delta": "3.4 Δ",
                "RespRate_Delta": "22 Δ breaths/min",
                "Temp_Delta": "0.2 °C"
            },
            "pain_level": "Low"
        },
        {
            "timestamp": "2025-03-14 21:13:00",
            "vital_signs": {
                "heart_rate": "129 bpm",
                "respiratory_rate": "73 breaths/min",
                "body_temperature": "36.8 °C",
                "HR_Delta": "3.7 Δ",
                "RespRate_Delta": "18 Δ breaths/min",
                "Temp_Delta": "0.5 °C"
            },
            "pain_level": "Low"
        },
        {
            "timestamp": "2025-03-14 21:18:00",
            "vital_signs": {
                "heart_rate": "149 bpm",
                "respiratory_rate": "86 breaths/min",
                "body_temperature": "36.5 °C",
                "HR_Delta": "20.6 Δ",
                "RespRate_Delta": "13 Δ breaths/min",
                "Temp_Delta": "0.3 °C"
            },
            "pain_level": "Low"
        },
        {
            "timestamp": "2025-03-14 21:23:00",
            "vital_signs": {
                "heart_rate": "137 bpm",
                "respiratory_rate": "60 breaths/min",
                "body_temperature": "36.9 °C",
                "HR_Delta": "11.9 Δ",
                "RespRate_Delta": "26 Δ breaths/min",
                "Temp_Delta": "0.4 °C"
            },
            "pain_level": "Low"
        },
        {
            "timestamp": "2025-03-14 21:28:00",
            "vital_signs": {
                "heart_rate": "122 bpm",
                "respiratory_rate": "86 breaths/min",
                "body_temperature": "37.2 °C",
                "HR_Delta": "15.3 Δ",
                "RespRate_Delta": "26 Δ breaths/min",
                "Temp_Delta": "0.3 °C"
            },
            "pain_level": "Low"
        },
        {
            "timestamp": "2025-03-14 21:33:00",
            "vital_signs": {
                "heart_rate": "129 bpm",
                "respiratory_rate": "47 breaths/min",
                "body_temperature": "36.9 °C",
                "HR_Delta": "6.9 Δ",
                "RespRate_Delta": "40 Δ breaths/min",
                "Temp_Delta": "0.3 °C"
            },
            "pain_level": "Low"
        },
        {
            "timestamp": "2025-03-14 21:38:00",
            "vital_signs": {
                "heart_rate": "127 bpm",
                "respiratory_rate": "61 breaths/min",
                "body_temperature": "36.5 °C",
                "HR_Delta": "2.4 Δ",
                "RespRate_Delta": "14 Δ breaths/min",
                "Temp_Delta": "0.4 °C"
            },
            "pain_level": "Low"
        },
        {
            "timestamp": "2025-03-14 21:43:00",
            "vital_signs": {
                "heart_rate": "130 bpm",
                "respiratory_rate": "40 breaths/min",
                "body_temperature": "37.0 °C",
                "HR_Delta": "3.1 Δ",
                "RespRate_Delta": "21 Δ breaths/min",
                "Temp_Delta": "0.5 °C"
            },
            "pain_level": "Low"
        },
        {
            "timestamp": "2025-03-14 21:48:00",
            "vital_signs": {
                "heart_rate": "147 bpm",
                "respiratory_rate": "74 breaths/min",
                "body_temperature": "37.1 °C",
                "HR_Delta": "17.3 Δ",
                "RespRate_Delta": "34 Δ breaths/min",
                "Temp_Delta": "0.1 °C"
            },
            "pain_level": "Low"
        },
        {
            "timestamp": "2025-03-14 21:53:00",
            "vital_signs": {
                "heart_rate": "128 bpm",
                "respiratory_rate": "45 breaths/min",
                "body_temperature": "37.1 °C",
                "HR_Delta": "18.9 Δ",
                "RespRate_Delta": "29 Δ breaths/min",
                "Temp_Delta": "0.0 °C"
            },
            "pain_level": "Low"
        },
        {
            "timestamp": "2025-03-14 21:58:00",
            "vital_signs": {
                "heart_rate": "145 bpm",
                "respiratory_rate": "85 breaths/min",
                "body_temperature": "36.9 °C",
                "HR_Delta": "17.2 Δ",
                "RespRate_Delta": "40 Δ breaths/min",
                "Temp_Delta": "0.2 °C"
            },
            "pain_level": "Low"
        },
        {
            "timestamp": "2025-03-14 22:03:00",
            "vital_signs": {
                "heart_rate": "129 bpm",
                "respiratory_rate": "39 breaths/min",
                "body_temperature": "37.1 °C",
                "HR_Delta": "16.0 Δ",
                "RespRate_Delta": "47 Δ breaths/min",
                "Temp_Delta": "0.2 °C"
            },
            "pain_level": "Low"
        },
        {
            "timestamp": "2025-03-14 22:08:00",
            "vital_signs": {
                "heart_rate": "148 bpm",
                "respiratory_rate": "40 breaths/min",
                "body_temperature": "36.6 °C",
                "HR_Delta": "18.3 Δ",
                "RespRate_Delta": "2 Δ breaths/min",
                "Temp_Delta": "0.5 °C"
            },
            "pain_level": "Low"
        },
        {
            "timestamp": "2025-03-14 22:13:00",
            "vital_signs": {
                "heart_rate": "132 bpm",
                "respiratory_rate": "66 breaths/min",
                "body_temperature": "37.1 °C",
                "HR_Delta": "15.9 Δ",
                "RespRate_Delta": "26 Δ breaths/min",
                "Temp_Delta": "0.5 °C"
            },
            "pain_level": "Low"
        },
        {
            "timestamp": "2025-03-14 22:18:00",
            "vital_signs": {
                "heart_rate": "145 bpm",
                "respiratory_rate": "82 breaths/min",
                "body_temperature": "36.7 °C",
                "HR_Delta": "13.4 Δ",
                "RespRate_Delta": "16 Δ breaths/min",
                "Temp_Delta": "0.4 °C"
            },
            "pain_level": "Low"
        },
        {
            "timestamp": "2025-03-14 22:23:00",
            "vital_signs": {
                "heart_rate": "140 bpm",
                "respiratory_rate": "80 breaths/min",
                "body_temperature": "37.2 °C",
                "HR_Delta": "5.2 Δ",
                "RespRate_Delta": "2 Δ breaths/min",
                "Temp_Delta": "0.5 °C"
            },
            "pain_level": "Low"
        },
        {
            "timestamp": "2025-03-14 22:28:00",
            "vital_signs": {
                "heart_rate": "140 bpm",
                "respiratory_rate": "82 breaths/min",
                "body_temperature": "37.0 °C",
                "HR_Delta": "0.1 Δ",
                "RespRate_Delta": "2 Δ breaths/min",
                "Temp_Delta": "0.2 °C"
            },
            "pain_level": "Low"
        },
        {
            "timestamp": "2025-03-14 22:33:00",
            "vital_signs": {
                "heart_rate": "171 bpm",
                "respiratory_rate": "42 breaths/min",
                "body_temperature": "36.8 °C",
                "HR_Delta": "45.9 Δ",
                "RespRate_Delta": "40 Δ breaths/min",
                "Temp_Delta": "0.2 °C"
            },
            "pain_level": "Low"
        },
        {
            "timestamp": "2025-03-14 22:38:00",
            "vital_signs": {
                "heart_rate": "180 bpm",
                "respiratory_rate": "67 breaths/min",
                "body_temperature": "36.8 °C",
                "HR_Delta": "9.2 Δ",
                "RespRate_Delta": "26 Δ breaths/min",
                "Temp_Delta": "0.0 °C"
            },
            "pain_level": "Low",
            "intervention": [
                {
                    "type": "position change",
                    "detail": "left lateral"
                }
            ]
        },
        {
            "timestamp": "2025-03-14 22:43:00",
            "vital_signs": {
                "heart_rate": "181 bpm",
                "respiratory_rate": "64 breaths/min",
                "body_temperature": "36.6 °C",
                "HR_Delta": "0.8 Δ",
                "RespRate_Delta": "3 Δ breaths/min",
                "Temp_Delta": "0.2 °C"
            },
            "pain_level": "Low",
            "intervention": [
                {
                    "type": "diaper change",
                    "detail": "Scheduled diaper change"
                }
            ]
        },
        {
            "timestamp": "2025-03-14 22:48:00",
            "vital_signs": {
                "heart_rate": "176 bpm",
                "respiratory_rate": "66 breaths/min",
                "body_temperature": "36.5 °C",
                "HR_Delta": "4.6 Δ",
                "RespRate_Delta": "2 Δ breaths/min",
                "Temp_Delta": "0.1 °C"
            },
            "pain_level": "Low"
        },
        {
            "timestamp": "2025-03-14 22:53:00",
            "vital_signs": {
                "heart_rate": "146 bpm",
                "respiratory_rate": "69 breaths/min",
                "body_temperature": "37.0 °C",
                "HR_Delta": "29.9 Δ",
                "RespRate_Delta": "3 Δ breaths/min",
                "Temp_Delta": "0.5 °C"
            },
            "pain_level": "Low"
        },
        {
            "timestamp": "2025-03-14 22:58:00",
            "vital_signs": {
                "heart_rate": "127 bpm",
                "respiratory_rate": "41 breaths/min",
                "body_temperature": "37.2 °C",
                "HR_Delta": "18.6 Δ",
                "RespRate_Delta": "28 Δ breaths/min",
                "Temp_Delta": "0.2 °C"
            },
            "pain_level": "Low"
        },
        {
            "timestamp": "2025-03-14 23:03:00",
            "vital_signs": {
                "heart_rate": "125 bpm",
                "respiratory_rate": "75 breaths/min",
                "body_temperature": "36.9 °C",
                "HR_Delta": "2.9 Δ",
                "RespRate_Delta": "34 Δ breaths/min",
                "Temp_Delta": "0.3 °C"
            },
            "pain_level": "Low",
            "intervention": [
                {
                    "type": "position change",
                    "detail": "supine"
                }
            ]
        },
        {
            "timestamp": "2025-03-14 23:08:00",
            "vital_signs": {
                "heart_rate": "131 bpm",
                "respiratory_rate": "54 breaths/min",
                "body_temperature": "37.4 °C",
                "HR_Delta": "6.0 Δ",
                "RespRate_Delta": "21 Δ breaths/min",
                "Temp_Delta": "0.5 °C"
            },
            "pain_level": "Low"
        },
        {
            "timestamp": "2025-03-14 23:13:00",
            "vital_signs": {
                "heart_rate": "122 bpm",
                "respiratory_rate": "90 breaths/min",
                "body_temperature": "37.0 °C",
                "HR_Delta": "8.3 Δ",
                "RespRate_Delta": "37 Δ breaths/min",
                "Temp_Delta": "0.4 °C"
            },
            "pain_level": "Low",
            "intervention": [
                {
                    "type": "position change",
                    "detail": "prone"
                }
            ]
        },
        {
            "timestamp": "2025-03-14 23:18:00",
            "vital_signs": {
                "heart_rate": "137 bpm",
                "respiratory_rate": "79 breaths/min",
                "body_temperature": "36.6 °C",
                "HR_Delta": "14.7 Δ",
                "RespRate_Delta": "12 Δ breaths/min",
                "Temp_Delta": "0.4 °C"
            },
            "pain_level": "Low",
            "intervention": [
                {
                    "type": "position change",
                    "detail": "right lateral"
                }
            ]
        },
        {
            "timestamp": "2025-03-14 23:23:00",
            "vital_signs": {
                "heart_rate": "134 bpm",
                "respiratory_rate": "80 breaths/min",
                "body_temperature": "37.4 °C",
                "HR_Delta": "2.6 Δ",
                "RespRate_Delta": "1 Δ breaths/min",
                "Temp_Delta": "0.8 °C"
            },
            "pain_level": "Low"
        },
        {
            "timestamp": "2025-03-14 23:28:00",
            "vital_signs": {
                "heart_rate": "121 bpm",
                "respiratory_rate": "72 breaths/min",
                "body_temperature": "37.0 °C",
                "HR_Delta": "13.0 Δ",
                "RespRate_Delta": "8 Δ breaths/min",
                "Temp_Delta": "0.4 °C"
            },
            "pain_level": "Low"
        },
        {
            "timestamp": "2025-03-14 23:33:00",
            "vital_signs": {
                "heart_rate": "127 bpm",
                "respiratory_rate": "94 breaths/min",
                "body_temperature": "36.5 °C",
                "HR_Delta": "5.7 Δ",
                "RespRate_Delta": "23 Δ breaths/min",
                "Temp_Delta": "0.5 °C"
            },
            "pain_level": "Low"
        },
        {
            "timestamp": "2025-03-14 23:38:00",
            "vital_signs": {
                "heart_rate": "127 bpm",
                "respiratory_rate": "77 breaths/min",
                "body_temperature": "36.7 °C",
                "HR_Delta": "0.2 Δ",
                "RespRate_Delta": "17 Δ breaths/min",
                "Temp_Delta": "0.2 °C"
            },
            "pain_level": "Low"
        },
        {
            "timestamp": "2025-03-14 23:43:00",
            "vital_signs": {
                "heart_rate": "121 bpm",
                "respiratory_rate": "45 breaths/min",
                "body_temperature": "37.1 °C",
                "HR_Delta": "6.3 Δ",
                "RespRate_Delta": "32 Δ breaths/min",
                "Temp_Delta": "0.4 °C"
            },
            "pain_level": "Low"
        },
        {
            "timestamp": "2025-03-14 23:48:00",
            "vital_signs": {
                "heart_rate": "149 bpm",
                "respiratory_rate": "66 breaths/min",
                "body_temperature": "36.6 °C",
                "HR_Delta": "28.0 Δ",
                "RespRate_Delta": "22 Δ breaths/min",
                "Temp_Delta": "0.5 °C"
            },
            "pain_level": "Low"
        },
        {
            "timestamp": "2025-03-14 23:53:00",
            "vital_signs": {
                "heart_rate": "134 bpm",
                "respiratory_rate": "35 breaths/min",
                "body_temperature": "37.3 °C",
                "HR_Delta": "14.3 Δ",
                "RespRate_Delta": "31 Δ breaths/min",
                "Temp_Delta": "0.7 °C"
            },
            "pain_level": "Low"
        },
        {
            "timestamp": "2025-03-14 23:58:00",
            "vital_signs": {
                "heart_rate": "133 bpm",
                "respiratory_rate": "36 breaths/min",
                "body_temperature": "36.8 °C",
                "HR_Delta": "1.0 Δ",
                "RespRate_Delta": "1 Δ breaths/min",
                "Temp_Delta": "0.5 °C"
            },
            "pain_level": "Low"
        },
        {
            "timestamp": "2025-03-15 00:03:00",
            "vital_signs": {
                "heart_rate": "122 bpm",
                "respiratory_rate": "78 breaths/min",
                "body_temperature": "37.1 °C",
                "HR_Delta": "10.8 Δ",
                "RespRate_Delta": "42 Δ breaths/min",
                "Temp_Delta": "0.3 °C"
            },
            "pain_level": "Low"
        },
        {
            "timestamp": "2025-03-15 00:08:00",
            "vital_signs": {
                "heart_rate": "138 bpm",
                "respiratory_rate": "78 breaths/min",
                "body_temperature": "37.2 °C",
                "HR_Delta": "16.0 Δ",
                "RespRate_Delta": "0 Δ breaths/min",
                "Temp_Delta": "0.1 °C"
            },
            "pain_level": "Low"
        },
        {
            "timestamp": "2025-03-15 00:13:00",
            "vital_signs": {
                "heart_rate": "140 bpm",
                "respiratory_rate": "68 breaths/min",
                "body_temperature": "36.8 °C",
                "HR_Delta": "1.1 Δ",
                "RespRate_Delta": "10 Δ breaths/min",
                "Temp_Delta": "0.4 °C"
            },
            "pain_level": "Low"
        },
        {
            "timestamp": "2025-03-15 00:18:00",
            "vital_signs": {
                "heart_rate": "147 bpm",
                "respiratory_rate": "46 breaths/min",
                "body_temperature": "37.1 °C",
                "HR_Delta": "7.3 Δ",
                "RespRate_Delta": "22 Δ breaths/min",
                "Temp_Delta": "0.3 °C"
            },
            "pain_level": "Low"
        },
        {
            "timestamp": "2025-03-15 00:23:00",
            "vital_signs": {
                "heart_rate": "131 bpm",
                "respiratory_rate": "68 breaths/min",
                "body_temperature": "36.5 °C",
                "HR_Delta": "15.7 Δ",
                "RespRate_Delta": "22 Δ breaths/min",
                "Temp_Delta": "0.6 °C"
            },
            "pain_level": "Low"
        },
        {
            "timestamp": "2025-03-15 00:28:00",
            "vital_signs": {
                "heart_rate": "130 bpm",
                "respiratory_rate": "44 breaths/min",
                "body_temperature": "37.1 °C",
                "HR_Delta": "1.0 Δ",
                "RespRate_Delta": "24 Δ breaths/min",
                "Temp_Delta": "0.6 °C"
            },
            "pain_level": "Low"
        },
        {
            "timestamp": "2025-03-15 00:33:00",
            "vital_signs": {
                "heart_rate": "147 bpm",
                "respiratory_rate": "39 breaths/min",
                "body_temperature": "36.5 °C",
                "HR_Delta": "16.6 Δ",
                "RespRate_Delta": "5 Δ breaths/min",
                "Temp_Delta": "0.6 °C"
            },
            "pain_level": "Low"
        },
        {
            "timestamp": "2025-03-15 00:38:00",
            "vital_signs": {
                "heart_rate": "150 bpm",
                "respiratory_rate": "74 breaths/min",
                "body_temperature": "36.6 °C",
                "HR_Delta": "3.2 Δ",
                "RespRate_Delta": "35 Δ breaths/min",
                "Temp_Delta": "0.1 °C"
            },
            "pain_level": "Low"
        }
    ]
}