{
    "patient_id": "John Doe",
    "Sex": "M",
    "Post-Conceptual Age": "28/3 Weeks/Days",
    "Weight": "3.2 kg",
    "Conditions": [],
    "data": [
        {
            "timestamp": "2025-03-14 08:01:00",
            "vital_signs": {
                "heart_rate": "143 bpm",
                "respiratory_rate": "67 breaths/min",
                "body_temperature": "36.6 °C",
                "HR_Delta": null,
                "RespRate_Delta": null,
                "Temp_Delta": null
            },
            "pain_level": "Low",
            "intervention": [
                {
                    "type": "diaper change",
                    "detail": "Scheduled diaper change"
                },
                {
                    "type": "position change",
                    "detail": "left lateral"
                }
            ]
        },
        {
            "timestamp": "2025-03-14 08:06:00",
            "vital_signs": {
                "heart_rate": "132 bpm",
                "respiratory_rate": "70 breaths/min",
                "body_temperature": "37.4 °C",
                "HR_Delta": "10.6 Δ",
                "RespRate_Delta": "3 Δ breaths/min",
                "Temp_Delta": "0.8 °C"
            },
            "pain_level": "Low"
        },
        {
            "timestamp": "2025-03-14 08:11:00",
            "vital_signs": {
                "heart_rate": "134 bpm",
                "respiratory_rate": "76 breaths/min",
                "body_temperature": "37.2 °C",
                "HR_Delta": "1.4 Δ",
                "RespRate_Delta": "6 Δ breaths/min",
                "Temp_Delta": "0.2 °C"
            },
            "pain_level": "Low",
            "intervention": [
                {
                    "type": "position change",
                    "detail": "right lateral"
                }
            ]
        },
        {
            "timestamp": "2025-03-14 08:16:00",
            "vital_signs": {
                "heart_rate": "129 bpm",
                "respiratory_rate": "79 breaths/min",
                "body_temperature": "36.8 °C",
                "HR_Delta": "4.1 Δ",
                "RespRate_Delta": "3 Δ breaths/min",
                "Temp_Delta": "0.4 °C"
            },
            "pain_level": "Low"
        },
        {
            "timestamp": "2025-03-14 08:21:00",
            "vital_signs": {
                "heart_rate": "137 bpm",
                "respiratory_rate": "78 breaths/min",
                "body_temperature": "36.7 °C",
                "HR_Delta": "7.7 Δ",
                "RespRate_Delta": "1 Δ breaths/min",
                "Temp_Delta": "0.1 °C"
            },
            "pain_level": "Low"
        },
        {
            "timestamp": "2025-03-14 08:26:00",
            "vital_signs": {
                "heart_rate": "132 bpm",
                "respiratory_rate": "76 breaths/min",
                "body_temperature": "37.1 °C",
                "HR_Delta": "5.2 Δ",
                "RespRate_Delta": "2 Δ breaths/min",
                "Temp_Delta": "0.4 °C"
            },
            "pain_level": "Low"
        },
        {
            "timestamp": "2025-03-14 08:31:00",
            "vital_signs": {
                "heart_rate": "139 bpm",
                "respiratory_rate": "75 breaths/min",
                "body_temperature": "36.9 °C",
                "HR_Delta": "7.2 Δ",
                "RespRate_Delta": "1 Δ breaths/min",
                "Temp_Delta": "0.2 °C"
            },
            "pain_level": "Low"
        },
        {
            "timestamp": "2025-03-14 08:36:00",
            "vital_signs": {
                "heart_rate": "150 bpm",
                "respiratory_rate": "72 breaths/min",
                "body_temperature": "36.5 °C",
                "HR_Delta": "10.7 Δ",
                "RespRate_Delta": "3 Δ breaths/min",
                "Temp_Delta": "0.4 °C"
            },
            "pain_level": "Low"
        },
        {
            "timestamp": "2025-03-14 08:41:00",
            "vital_signs": {
                "heart_rate": "145 bpm",
                "respiratory_rate": "59 breaths/min",
                "body_temperature": "36.9 °C",
                "HR_Delta": "5.2 Δ",
                "RespRate_Delta": "13 Δ breaths/min",
                "Temp_Delta": "0.4 °C"
            },
            "pain_level": "Low"
        },
        {
            "timestamp": "2025-03-14 08:46:00",
            "vital_signs": {
                "heart_rate": "127 bpm",
                "respiratory_rate": "45 breaths/min",
                "body_temperature": "37.3 °C",
                "HR_Delta": "17.6 Δ",
                "RespRate_Delta": "14 Δ breaths/min",
                "Temp_Delta": "0.4 °C"
            },
            "pain_level": "Low"
        },
        {
            "timestamp": "2025-03-14 08:51:00",
            "vital_signs": {
                "heart_rate": "140 bpm",
                "respiratory_rate": "67 breaths/min",
                "body_temperature": "36.5 °C",
                "HR_Delta": "12.8 Δ",
                "RespRate_Delta": "22 Δ breaths/min",
                "Temp_Delta": "0.8 °C"
            },
            "pain_level": "Low"
        },
        {
            "timestamp": "2025-03-14 08:56:00",
            "vital_signs": {
                "heart_rate": "149 bpm",
                "respiratory_rate": "71 breaths/min",
                "body_temperature": "37.4 °C",
                "HR_Delta": "9.1 Δ",
                "RespRate_Delta": "4 Δ breaths/min",
                "Temp_Delta": "0.9 °C"
            },
            "pain_level": "Low"
        },
        {
            "timestamp": "2025-03-14 09:01:00",
            "vital_signs": {
                "heart_rate": "150 bpm",
                "respiratory_rate": "75 breaths/min",
                "body_temperature": "36.6 °C",
                "HR_Delta": "0.7 Δ",
                "RespRate_Delta": "4 Δ breaths/min",
                "Temp_Delta": "0.8 °C"
            },
            "pain_level": "Low"
        },
        {
            "timestamp": "2025-03-14 09:06:00",
            "vital_signs": {
                "heart_rate": "140 bpm",
                "respiratory_rate": "83 breaths/min",
                "body_temperature": "36.9 °C",
                "HR_Delta": "9.9 Δ",
                "RespRate_Delta": "8 Δ breaths/min",
                "Temp_Delta": "0.3 °C"
            },
            "pain_level": "Low"
        },
        {
            "timestamp": "2025-03-14 09:11:00",
            "vital_signs": {
                "heart_rate": "136 bpm",
                "respiratory_rate": "78 breaths/min",
                "body_temperature": "37.0 °C",
                "HR_Delta": "3.7 Δ",
                "RespRate_Delta": "5 Δ breaths/min",
                "Temp_Delta": "0.1 °C"
            },
            "pain_level": "Low",
            "intervention": [
                {
                    "type": "imaging",
                    "detail": "chest X-ray"
                }
            ]
        },
        {
            "timestamp": "2025-03-14 09:16:00",
            "vital_signs": {
                "heart_rate": "125 bpm",
                "respiratory_rate": "70 breaths/min",
                "body_temperature": "36.8 °C",
                "HR_Delta": "11.2 Δ",
                "RespRate_Delta": "7 Δ breaths/min",
                "Temp_Delta": "0.2 °C"
            },
            "pain_level": "Low"
        },
        {
            "timestamp": "2025-03-14 09:21:00",
            "vital_signs": {
                "heart_rate": "135 bpm",
                "respiratory_rate": "74 breaths/min",
                "body_temperature": "36.8 °C",
                "HR_Delta": "9.7 Δ",
                "RespRate_Delta": "4 Δ breaths/min",
                "Temp_Delta": "0.0 °C"
            },
            "pain_level": "Low"
        },
        {
            "timestamp": "2025-03-14 09:26:00",
            "vital_signs": {
                "heart_rate": "133 bpm",
                "respiratory_rate": "70 breaths/min",
                "body_temperature": "36.6 °C",
                "HR_Delta": "1.6 Δ",
                "RespRate_Delta": "4 Δ breaths/min",
                "Temp_Delta": "0.2 °C"
            },
            "pain_level": "Low"
        },
        {
            "timestamp": "2025-03-14 09:31:00",
            "vital_signs": {
                "heart_rate": "150 bpm",
                "respiratory_rate": "58 breaths/min",
                "body_temperature": "36.9 °C",
                "HR_Delta": "16.7 Δ",
                "RespRate_Delta": "12 Δ breaths/min",
                "Temp_Delta": "0.3 °C"
            },
            "pain_level": "Low"
        },
        {
            "timestamp": "2025-03-14 09:36:00",
            "vital_signs": {
                "heart_rate": "129 bpm",
                "respiratory_rate": "87 breaths/min",
                "body_temperature": "37.1 °C",
                "HR_Delta": "20.8 Δ",
                "RespRate_Delta": "28 Δ breaths/min",
                "Temp_Delta": "0.2 °C"
            },
            "pain_level": "Low"
        },
        {
            "timestamp": "2025-03-14 09:41:00",
            "vital_signs": {
                "heart_rate": "120 bpm",
                "respiratory_rate": "74 breaths/min",
                "body_temperature": "36.8 °C",
                "HR_Delta": "8.6 Δ",
                "RespRate_Delta": "13 Δ breaths/min",
                "Temp_Delta": "0.3 °C"
            },
            "pain_level": "Low",
            "intervention": [
                {
                    "type": "position change",
                    "detail": "left lateral"
                },
                {
                    "type": "lab test",
                    "detail": "blood gas analysis"
                }
            ]
        },
        {
            "timestamp": "2025-03-14 09:46:00",
            "vital_signs": {
                "heart_rate": "128 bpm",
                "respiratory_rate": "47 breaths/min",
                "body_temperature": "37.3 °C",
                "HR_Delta": "7.7 Δ",
                "RespRate_Delta": "27 Δ breaths/min",
                "Temp_Delta": "0.5 °C"
            },
            "pain_level": "Low"
        },
        {
            "timestamp": "2025-03-14 09:51:00",
            "vital_signs": {
                "heart_rate": "149 bpm",
                "respiratory_rate": "67 breaths/min",
                "body_temperature": "36.8 °C",
                "HR_Delta": "21.1 Δ",
                "RespRate_Delta": "20 Δ breaths/min",
                "Temp_Delta": "0.5 °C"
            },
            "pain_level": "Low"
        },
        {
            "timestamp": "2025-03-14 09:56:00",
            "vital_signs": {
                "heart_rate": "121 bpm",
                "respiratory_rate": "55 breaths/min",
                "body_temperature": "36.8 °C",
                "HR_Delta": "27.9 Δ",
                "RespRate_Delta": "12 Δ breaths/min",
                "Temp_Delta": "0.0 °C"
            },
            "pain_level": "Low"
        },
        {
            "timestamp": "2025-03-14 10:01:00",
            "vital_signs": {
                "heart_rate": "140 bpm",
                "respiratory_rate": "55 breaths/min",
                "body_temperature": "37.0 °C",
                "HR_Delta": "18.4 Δ",
                "RespRate_Delta": "0 Δ breaths/min",
                "Temp_Delta": "0.2 °C"
            },
            "pain_level": "Low"
        },
        {
            "timestamp": "2025-03-14 10:06:00",
            "vital_signs": {
                "heart_rate": "125 bpm",
                "respiratory_rate": "49 breaths/min",
                "body_temperature": "37.2 °C",
                "HR_Delta": "15.0 Δ",
                "RespRate_Delta": "6 Δ breaths/min",
                "Temp_Delta": "0.2 °C"
            },
            "pain_level": "Low"
        },
        {
            "timestamp": "2025-03-14 10:11:00",
            "vital_signs": {
                "heart_rate": "126 bpm",
                "respiratory_rate": "39 breaths/min",
                "body_temperature": "36.6 °C",
                "HR_Delta": "1.4 Δ",
                "RespRate_Delta": "11 Δ breaths/min",
                "Temp_Delta": "0.6 °C"
            },
            "pain_level": "Low"
        },
        {
            "timestamp": "2025-03-14 10:16:00",
            "vital_signs": {
                "heart_rate": "129 bpm",
                "respiratory_rate": "39 breaths/min",
                "body_temperature": "36.8 °C",
                "HR_Delta": "2.4 Δ",
                "RespRate_Delta": "0 Δ breaths/min",
                "Temp_Delta": "0.2 °C"
            },
            "pain_level": "Low"
        },
        {
            "timestamp": "2025-03-14 10:21:00",
            "vital_signs": {
                "heart_rate": "146 bpm",
                "respiratory_rate": "68 breaths/min",
                "body_temperature": "36.6 °C",
                "HR_Delta": "16.9 Δ",
                "RespRate_Delta": "30 Δ breaths/min",
                "Temp_Delta": "0.2 °C"
            },
            "pain_level": "Low"
        },
        {
            "timestamp": "2025-03-14 10:26:00",
            "vital_signs": {
                "heart_rate": "138 bpm",
                "respiratory_rate": "86 breaths/min",
                "body_temperature": "36.8 °C",
                "HR_Delta": "7.8 Δ",
                "RespRate_Delta": "18 Δ breaths/min",
                "Temp_Delta": "0.2 °C"
            },
            "pain_level": "Low"
        },
        {
            "timestamp": "2025-03-14 10:31:00",
            "vital_signs": {
                "heart_rate": "126 bpm",
                "respiratory_rate": "72 breaths/min",
                "body_temperature": "36.7 °C",
                "HR_Delta": "11.6 Δ",
                "RespRate_Delta": "14 Δ breaths/min",
                "Temp_Delta": "0.1 °C"
            },
            "pain_level": "Low"
        },
        {
            "timestamp": "2025-03-14 10:36:00",
            "vital_signs": {
                "heart_rate": "147 bpm",
                "respiratory_rate": "73 breaths/min",
                "body_temperature": "37.4 °C",
                "HR_Delta": "21.3 Δ",
                "RespRate_Delta": "1 Δ breaths/min",
                "Temp_Delta": "0.7 °C"
            },
            "pain_level": "Low"
        },
        {
            "timestamp": "2025-03-14 10:41:00",
            "vital_signs": {
                "heart_rate": "128 bpm",
                "respiratory_rate": "80 breaths/min",
                "body_temperature": "36.8 °C",
                "HR_Delta": "19.0 Δ",
                "RespRate_Delta": "7 Δ breaths/min",
                "Temp_Delta": "0.6 °C"
            },
            "pain_level": "Low"
        },
        {
            "timestamp": "2025-03-14 10:46:00",
            "vital_signs": {
                "heart_rate": "126 bpm",
                "respiratory_rate": "78 breaths/min",
                "body_temperature": "37.0 °C",
                "HR_Delta": "2.0 Δ",
                "RespRate_Delta": "2 Δ breaths/min",
                "Temp_Delta": "0.2 °C"
            },
            "pain_level": "Low"
        },
        {
            "timestamp": "2025-03-14 10:51:00",
            "vital_signs": {
                "heart_rate": "143 bpm",
                "respiratory_rate": "61 breaths/min",
                "body_temperature": "37.1 °C",
                "HR_Delta": "16.4 Δ",
                "RespRate_Delta": "17 Δ breaths/min",
                "Temp_Delta": "0.1 °C"
            },
            "pain_level": "Low"
        },
        {
            "timestamp": "2025-03-14 10:56:00",
            "vital_signs": {
                "heart_rate": "119 bpm",
                "respiratory_rate": "43 breaths/min",
                "body_temperature": "37.0 °C",
                "HR_Delta": "23.9 Δ",
                "RespRate_Delta": "18 Δ breaths/min",
                "Temp_Delta": "0.1 °C"
            },
            "pain_level": "Low"
        },
        {
            "timestamp": "2025-03-14 11:01:00",
            "vital_signs": {
                "heart_rate": "126 bpm",
                "respiratory_rate": "62 breaths/min",
                "body_temperature": "37.1 °C",
                "HR_Delta": "7.2 Δ",
                "RespRate_Delta": "19 Δ breaths/min",
                "Temp_Delta": "0.1 °C"
            },
            "pain_level": "Low",
            "intervention": [
                {
                    "type": "diaper change",
                    "detail": "Scheduled diaper change"
                }
            ]
        },
        {
            "timestamp": "2025-03-14 11:06:00",
            "vital_signs": {
                "heart_rate": "139 bpm",
                "respiratory_rate": "51 breaths/min",
                "body_temperature": "37.3 °C",
                "HR_Delta": "12.4 Δ",
                "RespRate_Delta": "10 Δ breaths/min",
                "Temp_Delta": "0.2 °C"
            },
            "pain_level": "Low"
        },
        {
            "timestamp": "2025-03-14 11:11:00",
            "vital_signs": {
                "heart_rate": "132 bpm",
                "respiratory_rate": "43 breaths/min",
                "body_temperature": "36.7 °C",
                "HR_Delta": "6.9 Δ",
                "RespRate_Delta": "9 Δ breaths/min",
                "Temp_Delta": "0.6 °C"
            },
            "pain_level": "Low"
        },
        {
            "timestamp": "2025-03-14 11:16:00",
            "vital_signs": {
                "heart_rate": "129 bpm",
                "respiratory_rate": "64 breaths/min",
                "body_temperature": "36.9 °C",
                "HR_Delta": "2.3 Δ",
                "RespRate_Delta": "22 Δ breaths/min",
                "Temp_Delta": "0.2 °C"
            },
            "pain_level": "Low",
            "intervention": [
                {
                    "type": "position change",
                    "detail": "supine"
                },
                {
                    "type": "lab test",
                    "detail": "electrolyte panel"
                }
            ]
        },
        {
            "timestamp": "2025-03-14 11:21:00",
            "vital_signs": {
                "heart_rate": "127 bpm",
                "respiratory_rate": "64 breaths/min",
                "body_temperature": "37.4 °C",
                "HR_Delta": "2.0 Δ",
                "RespRate_Delta": "0 Δ breaths/min",
                "Temp_Delta": "0.5 °C"
            },
            "pain_level": "Low"
        },
        {
            "timestamp": "2025-03-14 11:26:00",
            "vital_signs": {
                "heart_rate": "139 bpm",
                "respiratory_rate": "60 breaths/min",
                "body_temperature": "37.0 °C",
                "HR_Delta": "11.3 Δ",
                "RespRate_Delta": "3 Δ breaths/min",
                "Temp_Delta": "0.4 °C"
            },
            "pain_level": "Low"
        },
        {
            "timestamp": "2025-03-14 11:31:00",
            "vital_signs": {
                "heart_rate": "148 bpm",
                "respiratory_rate": "46 breaths/min",
                "body_temperature": "36.6 °C",
                "HR_Delta": "9.6 Δ",
                "RespRate_Delta": "14 Δ breaths/min",
                "Temp_Delta": "0.4 °C"
            },
            "pain_level": "Low"
        },
        {
            "timestamp": "2025-03-14 11:36:00",
            "vital_signs": {
                "heart_rate": "145 bpm",
                "respiratory_rate": "76 breaths/min",
                "body_temperature": "37.2 °C",
                "HR_Delta": "3.4 Δ",
                "RespRate_Delta": "30 Δ breaths/min",
                "Temp_Delta": "0.6 °C"
            },
            "pain_level": "Low"
        },
        {
            "timestamp": "2025-03-14 11:41:00",
            "vital_signs": {
                "heart_rate": "146 bpm",
                "respiratory_rate": "70 breaths/min",
                "body_temperature": "36.6 °C",
                "HR_Delta": "0.7 Δ",
                "RespRate_Delta": "6 Δ breaths/min",
                "Temp_Delta": "0.6 °C"
            },
            "pain_level": "Low"
        },
        {
            "timestamp": "2025-03-14 11:46:00",
            "vital_signs": {
                "heart_rate": "143 bpm",
                "respiratory_rate": "53 breaths/min",
                "body_temperature": "37.4 °C",
                "HR_Delta": "2.9 Δ",
                "RespRate_Delta": "17 Δ breaths/min",
                "Temp_Delta": "0.8 °C"
            },
            "pain_level": "Low"
        },
        {
            "timestamp": "2025-03-14 11:51:00",
            "vital_signs": {
                "heart_rate": "137 bpm",
                "respiratory_rate": "81 breaths/min",
                "body_temperature": "36.6 °C",
                "HR_Delta": "5.1 Δ",
                "RespRate_Delta": "28 Δ breaths/min",
                "Temp_Delta": "0.8 °C"
            },
            "pain_level": "Low"
        },
        {
            "timestamp": "2025-03-14 11:56:00",
            "vital_signs": {
                "heart_rate": "129 bpm",
                "respiratory_rate": "74 breaths/min",
                "body_temperature": "36.7 °C",
                "HR_Delta": "8.4 Δ",
                "RespRate_Delta": "6 Δ breaths/min",
                "Temp_Delta": "0.1 °C"
            },
            "pain_level": "Low"
        },
        {
            "timestamp": "2025-03-14 12:01:00",
            "vital_signs": {
                "heart_rate": "127 bpm",
                "respiratory_rate": "71 breaths/min",
                "body_temperature": "37.0 °C",
                "HR_Delta": "1.5 Δ",
                "RespRate_Delta": "3 Δ breaths/min",
                "Temp_Delta": "0.3 °C"
            },
            "pain_level": "Low",
            "intervention": [
                {
                    "type": "position change",
                    "detail": "prone"
                }
            ]
        },
        {
            "timestamp": "2025-03-14 12:06:00",
            "vital_signs": {
                "heart_rate": "129 bpm",
                "respiratory_rate": "50 breaths/min",
                "body_temperature": "36.9 °C",
                "HR_Delta": "1.8 Δ",
                "RespRate_Delta": "22 Δ breaths/min",
                "Temp_Delta": "0.1 °C"
            },
            "pain_level": "Low"
        },
        {
            "timestamp": "2025-03-14 12:11:00",
            "vital_signs": {
                "heart_rate": "128 bpm",
                "respiratory_rate": "73 breaths/min",
                "body_temperature": "37.0 °C",
                "HR_Delta": "1.8 Δ",
                "RespRate_Delta": "24 Δ breaths/min",
                "Temp_Delta": "0.1 °C"
            },
            "pain_level": "Low"
        },
        {
            "timestamp": "2025-03-14 12:16:00",
            "vital_signs": {
                "heart_rate": "124 bpm",
                "respiratory_rate": "41 breaths/min",
                "body_temperature": "36.6 °C",
                "HR_Delta": "3.3 Δ",
                "RespRate_Delta": "32 Δ breaths/min",
                "Temp_Delta": "0.4 °C"
            },
            "pain_level": "Low"
        },
        {
            "timestamp": "2025-03-14 12:21:00",
            "vital_signs": {
                "heart_rate": "146 bpm",
                "respiratory_rate": "34 breaths/min",
                "body_temperature": "37.2 °C",
                "HR_Delta": "22.0 Δ",
                "RespRate_Delta": "7 Δ breaths/min",
                "Temp_Delta": "0.6 °C"
            },
            "pain_level": "Low"
        },
        {
            "timestamp": "2025-03-14 12:26:00",
            "vital_signs": {
                "heart_rate": "150 bpm",
                "respiratory_rate": "49 breaths/min",
                "body_temperature": "36.9 °C",
                "HR_Delta": "3.2 Δ",
                "RespRate_Delta": "15 Δ breaths/min",
                "Temp_Delta": "0.3 °C"
            },
            "pain_level": "Low"
        },
        {
            "timestamp": "2025-03-14 12:31:00",
            "vital_signs": {
                "heart_rate": "129 bpm",
                "respiratory_rate": "67 breaths/min",
                "body_temperature": "37.0 °C",
                "HR_Delta": "20.3 Δ",
                "RespRate_Delta": "17 Δ breaths/min",
                "Temp_Delta": "0.1 °C"
            },
            "pain_level": "Low"
        },
        {
            "timestamp": "2025-03-14 12:36:00",
            "vital_signs": {
                "heart_rate": "125 bpm",
                "respiratory_rate": "69 breaths/min",
                "body_temperature": "36.8 °C",
                "HR_Delta": "4.1 Δ",
                "RespRate_Delta": "2 Δ breaths/min",
                "Temp_Delta": "0.2 °C"
            },
            "pain_level": "Low"
        },
        {
            "timestamp": "2025-03-14 12:41:00",
            "vital_signs": {
                "heart_rate": "129 bpm",
                "respiratory_rate": "48 breaths/min",
                "body_temperature": "37.2 °C",
                "HR_Delta": "4.0 Δ",
                "RespRate_Delta": "21 Δ breaths/min",
                "Temp_Delta": "0.4 °C"
            },
            "pain_level": "Low",
            "intervention": [
                {
                    "type": "family visitation",
                    "detail": null
                }
            ]
        },
        {
            "timestamp": "2025-03-14 12:46:00",
            "vital_signs": {
                "heart_rate": "145 bpm",
                "respiratory_rate": "61 breaths/min",
                "body_temperature": "36.6 °C",
                "HR_Delta": "16.3 Δ",
                "RespRate_Delta": "13 Δ breaths/min",
                "Temp_Delta": "0.6 °C"
            },
            "pain_level": "Low"
        },
        {
            "timestamp": "2025-03-14 12:51:00",
            "vital_signs": {
                "heart_rate": "130 bpm",
                "respiratory_rate": "43 breaths/min",
                "body_temperature": "36.7 °C",
                "HR_Delta": "15.1 Δ",
                "RespRate_Delta": "19 Δ breaths/min",
                "Temp_Delta": "0.1 °C"
            },
            "pain_level": "Low"
        },
        {
            "timestamp": "2025-03-14 12:56:00",
            "vital_signs": {
                "heart_rate": "149 bpm",
                "respiratory_rate": "48 breaths/min",
                "body_temperature": "37.0 °C",
                "HR_Delta": "18.4 Δ",
                "RespRate_Delta": "5 Δ breaths/min",
                "Temp_Delta": "0.3 °C"
            },
            "pain_level": "Low"
        },
        {
            "timestamp": "2025-03-14 13:01:00",
            "vital_signs": {
                "heart_rate": "128 bpm",
                "respiratory_rate": "77 breaths/min",
                "body_temperature": "37.0 °C",
                "HR_Delta": "20.6 Δ",
                "RespRate_Delta": "29 Δ breaths/min",
                "Temp_Delta": "0.0 °C"
            },
            "pain_level": "Low",
            "intervention": [
                {
                    "type": "imaging",
                    "detail": "abdominal ultrasound"
                }
            ]
        },
        {
            "timestamp": "2025-03-14 13:06:00",
            "vital_signs": {
                "heart_rate": "149 bpm",
                "respiratory_rate": "85 breaths/min",
                "body_temperature": "37.0 °C",
                "HR_Delta": "21.1 Δ",
                "RespRate_Delta": "8 Δ breaths/min",
                "Temp_Delta": "0.0 °C"
            },
            "pain_level": "Low"
        },
        {
            "timestamp": "2025-03-14 13:11:00",
            "vital_signs": {
                "heart_rate": "129 bpm",
                "respiratory_rate": "45 breaths/min",
                "body_temperature": "37.4 °C",
                "HR_Delta": "20.5 Δ",
                "RespRate_Delta": "40 Δ breaths/min",
                "Temp_Delta": "0.4 °C"
            },
            "pain_level": "Low"
        },
        {
            "timestamp": "2025-03-14 13:16:00",
            "vital_signs": {
                "heart_rate": "134 bpm",
                "respiratory_rate": "39 breaths/min",
                "body_temperature": "36.9 °C",
                "HR_Delta": "5.3 Δ",
                "RespRate_Delta": "6 Δ breaths/min",
                "Temp_Delta": "0.5 °C"
            },
            "pain_level": "Low"
        },
        {
            "timestamp": "2025-03-14 13:21:00",
            "vital_signs": {
                "heart_rate": "131 bpm",
                "respiratory_rate": "42 breaths/min",
                "body_temperature": "36.9 °C",
                "HR_Delta": "3.4 Δ",
                "RespRate_Delta": "4 Δ breaths/min",
                "Temp_Delta": "0.0 °C"
            },
            "pain_level": "Low"
        },
        {
            "timestamp": "2025-03-14 13:26:00",
            "vital_signs": {
                "heart_rate": "149 bpm",
                "respiratory_rate": "70 breaths/min",
                "body_temperature": "36.9 °C",
                "HR_Delta": "18.4 Δ",
                "RespRate_Delta": "27 Δ breaths/min",
                "Temp_Delta": "0.0 °C"
            },
            "pain_level": "Low"
        },
        {
            "timestamp": "2025-03-14 13:31:00",
            "vital_signs": {
                "heart_rate": "129 bpm",
                "respiratory_rate": "73 breaths/min",
                "body_temperature": "37.1 °C",
                "HR_Delta": "19.7 Δ",
                "RespRate_Delta": "3 Δ breaths/min",
                "Temp_Delta": "0.2 °C"
            },
            "pain_level": "Low"
        },
        {
            "timestamp": "2025-03-14 13:36:00",
            "vital_signs": {
                "heart_rate": "131 bpm",
                "respiratory_rate": "67 breaths/min",
                "body_temperature": "37.0 °C",
                "HR_Delta": "1.5 Δ",
                "RespRate_Delta": "6 Δ breaths/min",
                "Temp_Delta": "0.1 °C"
            },
            "pain_level": "Low"
        },
        {
            "timestamp": "2025-03-14 13:41:00",
            "vital_signs": {
                "heart_rate": "130 bpm",
                "respiratory_rate": "74 breaths/min",
                "body_temperature": "37.3 °C",
                "HR_Delta": "1.2 Δ",
                "RespRate_Delta": "7 Δ breaths/min",
                "Temp_Delta": "0.3 °C"
            },
            "pain_level": "Low"
        },
        {
            "timestamp": "2025-03-14 13:46:00",
            "vital_signs": {
                "heart_rate": "128 bpm",
                "respiratory_rate": "83 breaths/min",
                "body_temperature": "37.3 °C",
                "HR_Delta": "1.7 Δ",
                "RespRate_Delta": "8 Δ breaths/min",
                "Temp_Delta": "0.0 °C"
            },
            "pain_level": "Low"
        },
        {
            "timestamp": "2025-03-14 13:51:00",
            "vital_signs": {
                "heart_rate": "127 bpm",
                "respiratory_rate": "46 breaths/min",
                "body_temperature": "36.6 °C",
                "HR_Delta": "1.4 Δ",
                "RespRate_Delta": "36 Δ breaths/min",
                "Temp_Delta": "0.7 °C"
            },
            "pain_level": "Low"
        },
        {
            "timestamp": "2025-03-14 13:56:00",
            "vital_signs": {
                "heart_rate": "127 bpm",
                "respiratory_rate": "49 breaths/min",
                "body_temperature": "36.5 °C",
                "HR_Delta": "0.8 Δ",
                "RespRate_Delta": "3 Δ breaths/min",
                "Temp_Delta": "0.1 °C"
            },
            "pain_level": "Low"
        },
        {
            "timestamp": "2025-03-14 14:01:00",
            "vital_signs": {
                "heart_rate": "143 bpm",
                "respiratory_rate": "45 breaths/min",
                "body_temperature": "37.0 °C",
                "HR_Delta": "15.3 Δ",
                "RespRate_Delta": "3 Δ breaths/min",
                "Temp_Delta": "0.5 °C"
            },
            "pain_level": "Low",
            "intervention": [
                {
                    "type": "diaper change",
                    "detail": "Scheduled diaper change"
                }
            ]
        },
        {
            "timestamp": "2025-03-14 14:06:00",
            "vital_signs": {
                "heart_rate": "147 bpm",
                "respiratory_rate": "74 breaths/min",
                "body_temperature": "36.8 °C",
                "HR_Delta": "4.2 Δ",
                "RespRate_Delta": "28 Δ breaths/min",
                "Temp_Delta": "0.2 °C"
            },
            "pain_level": "Low"
        },
        {
            "timestamp": "2025-03-14 14:11:00",
            "vital_signs": {
                "heart_rate": "131 bpm",
                "respiratory_rate": "48 breaths/min",
                "body_temperature": "36.7 °C",
                "HR_Delta": "16.1 Δ",
                "RespRate_Delta": "26 Δ breaths/min",
                "Temp_Delta": "0.1 °C"
            },
            "pain_level": "Low"
        },
        {
            "timestamp": "2025-03-14 14:16:00",
            "vital_signs": {
                "heart_rate": "132 bpm",
                "respiratory_rate": "67 breaths/min",
                "body_temperature": "36.8 °C",
                "HR_Delta": "0.7 Δ",
                "RespRate_Delta": "19 Δ breaths/min",
                "Temp_Delta": "0.1 °C"
            },
            "pain_level": "Low"
        },
        {
            "timestamp": "2025-03-14 14:21:00",
            "vital_signs": {
                "heart_rate": "143 bpm",
                "respiratory_rate": "80 breaths/min",
                "body_temperature": "37.3 °C",
                "HR_Delta": "11.5 Δ",
                "RespRate_Delta": "13 Δ breaths/min",
                "Temp_Delta": "0.5 °C"
            },
            "pain_level": "Low",
            "intervention": [
                {
                    "type": "position change",
                    "detail": "left lateral"
                }
            ]
        },
        {
            "timestamp": "2025-03-14 14:26:00",
            "vital_signs": {
                "heart_rate": "128 bpm",
                "respiratory_rate": "80 breaths/min",
                "body_temperature": "36.5 °C",
                "HR_Delta": "14.9 Δ",
                "RespRate_Delta": "1 Δ breaths/min",
                "Temp_Delta": "0.8 °C"
            },
            "pain_level": "Low"
        },
        {
            "timestamp": "2025-03-14 14:31:00",
            "vital_signs": {
                "heart_rate": "149 bpm",
                "respiratory_rate": "53 breaths/min",
                "body_temperature": "36.6 °C",
                "HR_Delta": "20.3 Δ",
                "RespRate_Delta": "27 Δ breaths/min",
                "Temp_Delta": "0.1 °C"
            },
            "pain_level": "Low"
        },
        {
            "timestamp": "2025-03-14 14:36:00",
            "vital_signs": {
                "heart_rate": "135 bpm",
                "respiratory_rate": "66 breaths/min",
                "body_temperature": "36.7 °C",
                "HR_Delta": "13.3 Δ",
                "RespRate_Delta": "13 Δ breaths/min",
                "Temp_Delta": "0.1 °C"
            },
            "pain_level": "Low",
            "intervention": [
                {
                    "type": "position change",
                    "detail": "supine"
                }
            ]
        },
        {
            "timestamp": "2025-03-14 14:41:00",
            "vital_signs": {
                "heart_rate": "148 bpm",
                "respiratory_rate": "71 breaths/min",
                "body_temperature": "37.3 °C",
                "HR_Delta": "12.5 Δ",
                "RespRate_Delta": "5 Δ breaths/min",
                "Temp_Delta": "0.6 °C"
            },
            "pain_level": "Low"
        },
        {
            "timestamp": "2025-03-14 14:46:00",
            "vital_signs": {
                "heart_rate": "126 bpm",
                "respiratory_rate": "79 breaths/min",
                "body_temperature": "36.5 °C",
                "HR_Delta": "21.3 Δ",
                "RespRate_Delta": "9 Δ breaths/min",
                "Temp_Delta": "0.8 °C"
            },
            "pain_level": "Low"
        },
        {
            "timestamp": "2025-03-14 14:51:00",
            "vital_signs": {
                "heart_rate": "128 bpm",
                "respiratory_rate": "88 breaths/min",
                "body_temperature": "36.8 °C",
                "HR_Delta": "1.4 Δ",
                "RespRate_Delta": "8 Δ breaths/min",
                "Temp_Delta": "0.3 °C"
            },
            "pain_level": "Low"
        },
        {
            "timestamp": "2025-03-14 14:56:00",
            "vital_signs": {
                "heart_rate": "130 bpm",
                "respiratory_rate": "86 breaths/min",
                "body_temperature": "37.0 °C",
                "HR_Delta": "2.1 Δ",
                "RespRate_Delta": "2 Δ breaths/min",
                "Temp_Delta": "0.2 °C"
            },
            "pain_level": "Low"
        },
        {
            "timestamp": "2025-03-14 15:01:00",
            "vital_signs": {
                "heart_rate": "144 bpm",
                "respiratory_rate": "82 breaths/min",
                "body_temperature": "37.3 °C",
                "HR_Delta": "13.7 Δ",
                "RespRate_Delta": "4 Δ breaths/min",
                "Temp_Delta": "0.3 °C"
            },
            "pain_level": "Low"
        },
        {
            "timestamp": "2025-03-14 15:06:00",
            "vital_signs": {
                "heart_rate": "129 bpm",
                "respiratory_rate": "52 breaths/min",
                "body_temperature": "36.8 °C",
                "HR_Delta": "14.6 Δ",
                "RespRate_Delta": "30 Δ breaths/min",
                "Temp_Delta": "0.5 °C"
            },
            "pain_level": "Low"
        },
        {
            "timestamp": "2025-03-14 15:11:00",
            "vital_signs": {
                "heart_rate": "134 bpm",
                "respiratory_rate": "58 breaths/min",
                "body_temperature": "37.1 °C",
                "HR_Delta": "4.6 Δ",
                "RespRate_Delta": "6 Δ breaths/min",
                "Temp_Delta": "0.3 °C"
            },
            "pain_level": "Low"
        },
        {
            "timestamp": "2025-03-14 15:16:00",
            "vital_signs": {
                "heart_rate": "138 bpm",
                "respiratory_rate": "71 breaths/min",
                "body_temperature": "37.2 °C",
                "HR_Delta": "3.9 Δ",
                "RespRate_Delta": "13 Δ breaths/min",
                "Temp_Delta": "0.1 °C"
            },
            "pain_level": "Low"
        },
        {
            "timestamp": "2025-03-14 15:21:00",
            "vital_signs": {
                "heart_rate": "128 bpm",
                "respiratory_rate": "87 breaths/min",
                "body_temperature": "36.9 °C",
                "HR_Delta": "9.8 Δ",
                "RespRate_Delta": "16 Δ breaths/min",
                "Temp_Delta": "0.3 °C"
            },
            "pain_level": "Low",
            "intervention": [
                {
                    "type": "lab test",
                    "detail": "blood gas analysis"
                }
            ]
        },
        {
            "timestamp": "2025-03-14 15:26:00",
            "vital_signs": {
                "heart_rate": "149 bpm",
                "respiratory_rate": "70 breaths/min",
                "body_temperature": "36.9 °C",
                "HR_Delta": "21.1 Δ",
                "RespRate_Delta": "17 Δ breaths/min",
                "Temp_Delta": "0.0 °C"
            },
            "pain_level": "Low"
        },
        {
            "timestamp": "2025-03-14 15:31:00",
            "vital_signs": {
                "heart_rate": "129 bpm",
                "respiratory_rate": "68 breaths/min",
                "body_temperature": "36.7 °C",
                "HR_Delta": "19.9 Δ",
                "RespRate_Delta": "1 Δ breaths/min",
                "Temp_Delta": "0.2 °C"
            },
            "pain_level": "Low"
        },
        {
            "timestamp": "2025-03-14 15:36:00",
            "vital_signs": {
                "heart_rate": "136 bpm",
                "respiratory_rate": "70 breaths/min",
                "body_temperature": "37.3 °C",
                "HR_Delta": "6.5 Δ",
                "RespRate_Delta": "2 Δ breaths/min",
                "Temp_Delta": "0.6 °C"
            },
            "pain_level": "Low"
        },
        {
            "timestamp": "2025-03-14 15:41:00",
            "vital_signs": {
                "heart_rate": "139 bpm",
                "respiratory_rate": "64 breaths/min",
                "body_temperature": "37.4 °C",
                "HR_Delta": "3.4 Δ",
                "RespRate_Delta": "6 Δ breaths/min",
                "Temp_Delta": "0.1 °C"
            },
            "pain_level": "Low"
        },
        {
            "timestamp": "2025-03-14 15:46:00",
            "vital_signs": {
                "heart_rate": "133 bpm",
                "respiratory_rate": "75 breaths/min",
                "body_temperature": "37.0 °C",
                "HR_Delta": "6.2 Δ",
                "RespRate_Delta": "11 Δ breaths/min",
                "Temp_Delta": "0.4 °C"
            },
            "pain_level": "Low"
        },
        {
            "timestamp": "2025-03-14 15:51:00",
            "vital_signs": {
                "heart_rate": "129 bpm",
                "respiratory_rate": "76 breaths/min",
                "body_temperature": "37.0 °C",
                "HR_Delta": "3.8 Δ",
                "RespRate_Delta": "0 Δ breaths/min",
                "Temp_Delta": "0.0 °C"
            },
            "pain_level": "Low"
        },
        {
            "timestamp": "2025-03-14 15:56:00",
            "vital_signs": {
                "heart_rate": "128 bpm",
                "respiratory_rate": "42 breaths/min",
                "body_temperature": "37.2 °C",
                "HR_Delta": "1.2 Δ",
                "RespRate_Delta": "34 Δ breaths/min",
                "Temp_Delta": "0.2 °C"
            },
            "pain_level": "Low"
        }
    ]
}