{
    "patient_id": "Jonathan Donathan",
    "Sex": "M",
    "Age": "Age: 4 Days",
    "Weight": "3.0 kg",
    "Conditions": [],
    "data": [
        {
            "timestamp": "2025-03-15 15:00:00",
            "vital_signs": {
                "heart_rate": "132 bpm",
                "respiratory_rate": "33 breaths/min",
                "body_temperature": "37.2 °C",
                "HR_Delta": null,
                "RespRate_Delta": null,
                "Temp_Delta": null
            },
            "pain_level": "Low",
            "intervention": [
                {
                    "type": "diaper change",
                    "detail": "Scheduled diaper change"
                },
                {
                    "type": "position change",
                    "detail": "left lateral"
                }
            ]
        },
        {
            "timestamp": "2025-03-15 15:05:00",
            "vital_signs": {
                "heart_rate": "130 bpm",
                "respiratory_rate": "34 breaths/min",
                "body_temperature": "37.1 °C",
                "HR_Delta": "2.8 Δ",
                "RespRate_Delta": "2 Δ breaths/min",
                "Temp_Delta": "0.1 °C"
            },
            "pain_level": "Low",
            "intervention": [
                {
                    "type": "position change",
                    "detail": "right lateral"
                }
            ]
        },
        {
            "timestamp": "2025-03-15 15:10:00",
            "vital_signs": {
                "heart_rate": "121 bpm",
                "respiratory_rate": "65 breaths/min",
                "body_temperature": "37.1 °C",
                "HR_Delta": "9.0 Δ",
                "RespRate_Delta": "31 Δ breaths/min",
                "Temp_Delta": "0.0 °C"
            },
            "pain_level": "Low"
        },
        {
            "timestamp": "2025-03-15 15:15:00",
            "vital_signs": {
                "heart_rate": "127 bpm",
                "respiratory_rate": "83 breaths/min",
                "body_temperature": "37.1 °C",
                "HR_Delta": "6.6 Δ",
                "RespRate_Delta": "17 Δ breaths/min",
                "Temp_Delta": "0.0 °C"
            },
            "pain_level": "Low"
        },
        {
            "timestamp": "2025-03-15 15:20:00",
            "vital_signs": {
                "heart_rate": "132 bpm",
                "respiratory_rate": "77 breaths/min",
                "body_temperature": "36.6 °C",
                "HR_Delta": "5.1 Δ",
                "RespRate_Delta": "6 Δ breaths/min",
                "Temp_Delta": "0.5 °C"
            },
            "pain_level": "Low"
        },
        {
            "timestamp": "2025-03-15 15:25:00",
            "vital_signs": {
                "heart_rate": "129 bpm",
                "respiratory_rate": "81 breaths/min",
                "body_temperature": "36.7 °C",
                "HR_Delta": "3.3 Δ",
                "RespRate_Delta": "4 Δ breaths/min",
                "Temp_Delta": "0.1 °C"
            },
            "pain_level": "Low"
        },
        {
            "timestamp": "2025-03-15 15:30:00",
            "vital_signs": {
                "heart_rate": "132 bpm",
                "respiratory_rate": "71 breaths/min",
                "body_temperature": "37.2 °C",
                "HR_Delta": "3.1 Δ",
                "RespRate_Delta": "10 Δ breaths/min",
                "Temp_Delta": "0.5 °C"
            },
            "pain_level": "Low"
        },
        {
            "timestamp": "2025-03-15 15:35:00",
            "vital_signs": {
                "heart_rate": "130 bpm",
                "respiratory_rate": "92 breaths/min",
                "body_temperature": "36.8 °C",
                "HR_Delta": "2.3 Δ",
                "RespRate_Delta": "21 Δ breaths/min",
                "Temp_Delta": "0.4 °C"
            },
            "pain_level": "Low"
        },
        {
            "timestamp": "2025-03-15 15:40:00",
            "vital_signs": {
                "heart_rate": "130 bpm",
                "respiratory_rate": "76 breaths/min",
                "body_temperature": "37.2 °C",
                "HR_Delta": "0.3 Δ",
                "RespRate_Delta": "16 Δ breaths/min",
                "Temp_Delta": "0.4 °C"
            },
            "pain_level": "Low"
        },
        {
            "timestamp": "2025-03-15 15:45:00",
            "vital_signs": {
                "heart_rate": "130 bpm",
                "respiratory_rate": "83 breaths/min",
                "body_temperature": "37.3 °C",
                "HR_Delta": "0.2 Δ",
                "RespRate_Delta": "7 Δ breaths/min",
                "Temp_Delta": "0.1 °C"
            },
            "pain_level": "Low"
        },
        {
            "timestamp": "2025-03-15 15:50:00",
            "vital_signs": {
                "heart_rate": "129 bpm",
                "respiratory_rate": "80 breaths/min",
                "body_temperature": "36.9 °C",
                "HR_Delta": "0.4 Δ",
                "RespRate_Delta": "3 Δ breaths/min",
                "Temp_Delta": "0.4 °C"
            },
            "pain_level": "Low"
        },
        {
            "timestamp": "2025-03-15 15:55:00",
            "vital_signs": {
                "heart_rate": "130 bpm",
                "respiratory_rate": "96 breaths/min",
                "body_temperature": "36.8 °C",
                "HR_Delta": "0.1 Δ",
                "RespRate_Delta": "16 Δ breaths/min",
                "Temp_Delta": "0.1 °C"
            },
            "pain_level": "Low"
        },
        {
            "timestamp": "2025-03-15 16:00:00",
            "vital_signs": {
                "heart_rate": "128 bpm",
                "respiratory_rate": "90 breaths/min",
                "body_temperature": "36.8 °C",
                "HR_Delta": "1.9 Δ",
                "RespRate_Delta": "6 Δ breaths/min",
                "Temp_Delta": "0.0 °C"
            },
            "pain_level": "Low",
            "intervention": [
                {
                    "type": "position change",
                    "detail": "left lateral"
                }
            ]
        },
        {
            "timestamp": "2025-03-15 16:05:00",
            "vital_signs": {
                "heart_rate": "130 bpm",
                "respiratory_rate": "62 breaths/min",
                "body_temperature": "36.5 °C",
                "HR_Delta": "2.3 Δ",
                "RespRate_Delta": "28 Δ breaths/min",
                "Temp_Delta": "0.3 °C"
            },
            "pain_level": "Low"
        },
        {
            "timestamp": "2025-03-15 16:10:00",
            "vital_signs": {
                "heart_rate": "135 bpm",
                "respiratory_rate": "86 breaths/min",
                "body_temperature": "37.0 °C",
                "HR_Delta": "5.0 Δ",
                "RespRate_Delta": "24 Δ breaths/min",
                "Temp_Delta": "0.5 °C"
            },
            "pain_level": "Low"
        },
        {
            "timestamp": "2025-03-15 16:15:00",
            "vital_signs": {
                "heart_rate": "132 bpm",
                "respiratory_rate": "95 breaths/min",
                "body_temperature": "37.2 °C",
                "HR_Delta": "2.7 Δ",
                "RespRate_Delta": "9 Δ breaths/min",
                "Temp_Delta": "0.2 °C"
            },
            "pain_level": "Low"
        },
        {
            "timestamp": "2025-03-15 16:20:00",
            "vital_signs": {
                "heart_rate": "131 bpm",
                "respiratory_rate": "66 breaths/min",
                "body_temperature": "37.2 °C",
                "HR_Delta": "1.1 Δ",
                "RespRate_Delta": "28 Δ breaths/min",
                "Temp_Delta": "0.0 °C"
            },
            "pain_level": "Low"
        },
        {
            "timestamp": "2025-03-15 16:25:00",
            "vital_signs": {
                "heart_rate": "130 bpm",
                "respiratory_rate": "63 breaths/min",
                "body_temperature": "36.9 °C",
                "HR_Delta": "0.5 Δ",
                "RespRate_Delta": "3 Δ breaths/min",
                "Temp_Delta": "0.3 °C"
            },
            "pain_level": "Low"
        },
        {
            "timestamp": "2025-03-15 16:30:00",
            "vital_signs": {
                "heart_rate": "134 bpm",
                "respiratory_rate": "76 breaths/min",
                "body_temperature": "36.9 °C",
                "HR_Delta": "3.2 Δ",
                "RespRate_Delta": "13 Δ breaths/min",
                "Temp_Delta": "0.0 °C"
            },
            "pain_level": "Low"
        },
        {
            "timestamp": "2025-03-15 16:35:00",
            "vital_signs": {
                "heart_rate": "145 bpm",
                "respiratory_rate": "83 breaths/min",
                "body_temperature": "36.7 °C",
                "HR_Delta": "11.5 Δ",
                "RespRate_Delta": "7 Δ breaths/min",
                "Temp_Delta": "0.2 °C"
            },
            "pain_level": "Low"
        },
        {
            "timestamp": "2025-03-15 16:40:00",
            "vital_signs": {
                "heart_rate": "135 bpm",
                "respiratory_rate": "78 breaths/min",
                "body_temperature": "36.9 °C",
                "HR_Delta": "10.5 Δ",
                "RespRate_Delta": "5 Δ breaths/min",
                "Temp_Delta": "0.2 °C"
            },
            "pain_level": "Low",
            "intervention": [
                {
                    "type": "position change",
                    "detail": "prone"
                }
            ]
        },
        {
            "timestamp": "2025-03-15 16:45:00",
            "vital_signs": {
                "heart_rate": "136 bpm",
                "respiratory_rate": "95 breaths/min",
                "body_temperature": "36.9 °C",
                "HR_Delta": "1.0 Δ",
                "RespRate_Delta": "17 Δ breaths/min",
                "Temp_Delta": "0.0 °C"
            },
            "pain_level": "Low"
        },
        {
            "timestamp": "2025-03-15 16:50:00",
            "vital_signs": {
                "heart_rate": "141 bpm",
                "respiratory_rate": "80 breaths/min",
                "body_temperature": "37.2 °C",
                "HR_Delta": "5.5 Δ",
                "RespRate_Delta": "15 Δ breaths/min",
                "Temp_Delta": "0.3 °C"
            },
            "pain_level": "Low"
        },
        {
            "timestamp": "2025-03-15 16:55:00",
            "vital_signs": {
                "heart_rate": "126 bpm",
                "respiratory_rate": "74 breaths/min",
                "body_temperature": "36.6 °C",
                "HR_Delta": "15.7 Δ",
                "RespRate_Delta": "6 Δ breaths/min",
                "Temp_Delta": "0.6 °C"
            },
            "pain_level": "Low"
        },
        {
            "timestamp": "2025-03-15 17:00:00",
            "vital_signs": {
                "heart_rate": "134 bpm",
                "respiratory_rate": "73 breaths/min",
                "body_temperature": "37.2 °C",
                "HR_Delta": "8.7 Δ",
                "RespRate_Delta": "2 Δ breaths/min",
                "Temp_Delta": "0.6 °C"
            },
            "pain_level": "Low",
            "intervention": [
                {
                    "type": "family visitation",
                    "detail": null
                }
            ]
        },
        {
            "timestamp": "2025-03-15 17:05:00",
            "vital_signs": {
                "heart_rate": "132 bpm",
                "respiratory_rate": "41 breaths/min",
                "body_temperature": "36.9 °C",
                "HR_Delta": "2.5 Δ",
                "RespRate_Delta": "32 Δ breaths/min",
                "Temp_Delta": "0.3 °C"
            },
            "pain_level": "Low"
        },
        {
            "timestamp": "2025-03-15 17:10:00",
            "vital_signs": {
                "heart_rate": "135 bpm",
                "respiratory_rate": "77 breaths/min",
                "body_temperature": "36.6 °C",
                "HR_Delta": "3.2 Δ",
                "RespRate_Delta": "36 Δ breaths/min",
                "Temp_Delta": "0.3 °C"
            },
            "pain_level": "Low"
        },
        {
            "timestamp": "2025-03-15 17:15:00",
            "vital_signs": {
                "heart_rate": "129 bpm",
                "respiratory_rate": "72 breaths/min",
                "body_temperature": "37.1 °C",
                "HR_Delta": "5.8 Δ",
                "RespRate_Delta": "5 Δ breaths/min",
                "Temp_Delta": "0.5 °C"
            },
            "pain_level": "Low"
        },
        {
            "timestamp": "2025-03-15 17:20:00",
            "vital_signs": {
                "heart_rate": "129 bpm",
                "respiratory_rate": "39 breaths/min",
                "body_temperature": "36.7 °C",
                "HR_Delta": "0.1 Δ",
                "RespRate_Delta": "33 Δ breaths/min",
                "Temp_Delta": "0.4 °C"
            },
            "pain_level": "Low"
        },
        {
            "timestamp": "2025-03-15 17:25:00",
            "vital_signs": {
                "heart_rate": "137 bpm",
                "respiratory_rate": "60 breaths/min",
                "body_temperature": "36.8 °C",
                "HR_Delta": "8.3 Δ",
                "RespRate_Delta": "21 Δ breaths/min",
                "Temp_Delta": "0.1 °C"
            },
            "pain_level": "Low"
        },
        {
            "timestamp": "2025-03-15 17:30:00",
            "vital_signs": {
                "heart_rate": "130 bpm",
                "respiratory_rate": "40 breaths/min",
                "body_temperature": "37.3 °C",
                "HR_Delta": "7.5 Δ",
                "RespRate_Delta": "21 Δ breaths/min",
                "Temp_Delta": "0.5 °C"
            },
            "pain_level": "Low"
        },
        {
            "timestamp": "2025-03-15 17:35:00",
            "vital_signs": {
                "heart_rate": "128 bpm",
                "respiratory_rate": "80 breaths/min",
                "body_temperature": "36.7 °C",
                "HR_Delta": "2.1 Δ",
                "RespRate_Delta": "40 Δ breaths/min",
                "Temp_Delta": "0.6 °C"
            },
            "pain_level": "Low"
        },
        {
            "timestamp": "2025-03-15 17:40:00",
            "vital_signs": {
                "heart_rate": "130 bpm",
                "respiratory_rate": "91 breaths/min",
                "body_temperature": "37.0 °C",
                "HR_Delta": "2.3 Δ",
                "RespRate_Delta": "11 Δ breaths/min",
                "Temp_Delta": "0.3 °C"
            },
            "pain_level": "Low"
        },
        {
            "timestamp": "2025-03-15 17:45:00",
            "vital_signs": {
                "heart_rate": "132 bpm",
                "respiratory_rate": "39 breaths/min",
                "body_temperature": "37.0 °C",
                "HR_Delta": "1.8 Δ",
                "RespRate_Delta": "52 Δ breaths/min",
                "Temp_Delta": "0.0 °C"
            },
            "pain_level": "Low"
        },
        {
            "timestamp": "2025-03-15 17:50:00",
            "vital_signs": {
                "heart_rate": "146 bpm",
                "respiratory_rate": "42 breaths/min",
                "body_temperature": "36.7 °C",
                "HR_Delta": "14.4 Δ",
                "RespRate_Delta": "4 Δ breaths/min",
                "Temp_Delta": "0.3 °C"
            },
            "pain_level": "Low"
        },
        {
            "timestamp": "2025-03-15 17:55:00",
            "vital_signs": {
                "heart_rate": "146 bpm",
                "respiratory_rate": "65 breaths/min",
                "body_temperature": "36.6 °C",
                "HR_Delta": "0.3 Δ",
                "RespRate_Delta": "23 Δ breaths/min",
                "Temp_Delta": "0.1 °C"
            },
            "pain_level": "Low"
        },
        {
            "timestamp": "2025-03-15 18:00:00",
            "vital_signs": {
                "heart_rate": "133 bpm",
                "respiratory_rate": "75 breaths/min",
                "body_temperature": "37.2 °C",
                "HR_Delta": "12.9 Δ",
                "RespRate_Delta": "10 Δ breaths/min",
                "Temp_Delta": "0.6 °C"
            },
            "pain_level": "Low",
            "intervention": [
                {
                    "type": "diaper change",
                    "detail": "Scheduled diaper change"
                }
            ]
        },
        {
            "timestamp": "2025-03-15 18:05:00",
            "vital_signs": {
                "heart_rate": "132 bpm",
                "respiratory_rate": "67 breaths/min",
                "body_temperature": "36.7 °C",
                "HR_Delta": "0.8 Δ",
                "RespRate_Delta": "8 Δ breaths/min",
                "Temp_Delta": "0.5 °C"
            },
            "pain_level": "Low",
            "intervention": [
                {
                    "type": "position change",
                    "detail": "supine"
                }
            ]
        },
        {
            "timestamp": "2025-03-15 18:10:00",
            "vital_signs": {
                "heart_rate": "132 bpm",
                "respiratory_rate": "38 breaths/min",
                "body_temperature": "36.6 °C",
                "HR_Delta": "0.6 Δ",
                "RespRate_Delta": "29 Δ breaths/min",
                "Temp_Delta": "0.1 °C"
            },
            "pain_level": "Low",
            "intervention": [
                {
                    "type": "diaper change",
                    "detail": null
                }
            ]
        },
        {
            "timestamp": "2025-03-15 18:15:00",
            "vital_signs": {
                "heart_rate": "132 bpm",
                "respiratory_rate": "66 breaths/min",
                "body_temperature": "37.1 °C",
                "HR_Delta": "0.2 Δ",
                "RespRate_Delta": "27 Δ breaths/min",
                "Temp_Delta": "0.5 °C"
            },
            "pain_level": "Low"
        },
        {
            "timestamp": "2025-03-15 18:20:00",
            "vital_signs": {
                "heart_rate": "135 bpm",
                "respiratory_rate": "90 breaths/min",
                "body_temperature": "36.8 °C",
                "HR_Delta": "3.7 Δ",
                "RespRate_Delta": "24 Δ breaths/min",
                "Temp_Delta": "0.3 °C"
            },
            "pain_level": "Low"
        },
        {
            "timestamp": "2025-03-15 18:25:00",
            "vital_signs": {
                "heart_rate": "130 bpm",
                "respiratory_rate": "82 breaths/min",
                "body_temperature": "37.2 °C",
                "HR_Delta": "5.7 Δ",
                "RespRate_Delta": "9 Δ breaths/min",
                "Temp_Delta": "0.4 °C"
            },
            "pain_level": "Low"
        },
        {
            "timestamp": "2025-03-15 18:30:00",
            "vital_signs": {
                "heart_rate": "127 bpm",
                "respiratory_rate": "71 breaths/min",
                "body_temperature": "36.8 °C",
                "HR_Delta": "2.4 Δ",
                "RespRate_Delta": "11 Δ breaths/min",
                "Temp_Delta": "0.4 °C"
            },
            "pain_level": "Low"
        },
        {
            "timestamp": "2025-03-15 18:35:00",
            "vital_signs": {
                "heart_rate": "128 bpm",
                "respiratory_rate": "58 breaths/min",
                "body_temperature": "37.1 °C",
                "HR_Delta": "0.6 Δ",
                "RespRate_Delta": "13 Δ breaths/min",
                "Temp_Delta": "0.3 °C"
            },
            "pain_level": "Low"
        },
        {
            "timestamp": "2025-03-15 18:40:00",
            "vital_signs": {
                "heart_rate": "140 bpm",
                "respiratory_rate": "42 breaths/min",
                "body_temperature": "37.1 °C",
                "HR_Delta": "11.6 Δ",
                "RespRate_Delta": "16 Δ breaths/min",
                "Temp_Delta": "0.0 °C"
            },
            "pain_level": "Low"
        },
        {
            "timestamp": "2025-03-15 18:45:00",
            "vital_signs": {
                "heart_rate": "138 bpm",
                "respiratory_rate": "50 breaths/min",
                "body_temperature": "36.9 °C",
                "HR_Delta": "1.1 Δ",
                "RespRate_Delta": "9 Δ breaths/min",
                "Temp_Delta": "0.2 °C"
            },
            "pain_level": "Low"
        },
        {
            "timestamp": "2025-03-15 18:50:00",
            "vital_signs": {
                "heart_rate": "130 bpm",
                "respiratory_rate": "38 breaths/min",
                "body_temperature": "37.3 °C",
                "HR_Delta": "8.2 Δ",
                "RespRate_Delta": "12 Δ breaths/min",
                "Temp_Delta": "0.4 °C"
            },
            "pain_level": "Low"
        },
        {
            "timestamp": "2025-03-15 18:55:00",
            "vital_signs": {
                "heart_rate": "141 bpm",
                "respiratory_rate": "76 breaths/min",
                "body_temperature": "37.1 °C",
                "HR_Delta": "10.4 Δ",
                "RespRate_Delta": "38 Δ breaths/min",
                "Temp_Delta": "0.2 °C"
            },
            "pain_level": "Low"
        },
        {
            "timestamp": "2025-03-15 19:00:00",
            "vital_signs": {
                "heart_rate": "143 bpm",
                "respiratory_rate": "80 breaths/min",
                "body_temperature": "37.0 °C",
                "HR_Delta": "2.3 Δ",
                "RespRate_Delta": "4 Δ breaths/min",
                "Temp_Delta": "0.1 °C"
            },
            "pain_level": "Low",
            "intervention": [
                {
                    "type": "position change",
                    "detail": "prone"
                }
            ]
        },
        {
            "timestamp": "2025-03-15 19:05:00",
            "vital_signs": {
                "heart_rate": "145 bpm",
                "respiratory_rate": "75 breaths/min",
                "body_temperature": "37.1 °C",
                "HR_Delta": "1.9 Δ",
                "RespRate_Delta": "5 Δ breaths/min",
                "Temp_Delta": "0.1 °C"
            },
            "pain_level": "Low"
        },
        {
            "timestamp": "2025-03-15 19:10:00",
            "vital_signs": {
                "heart_rate": "133 bpm",
                "respiratory_rate": "49 breaths/min",
                "body_temperature": "37.3 °C",
                "HR_Delta": "11.4 Δ",
                "RespRate_Delta": "27 Δ breaths/min",
                "Temp_Delta": "0.2 °C"
            },
            "pain_level": "Low"
        },
        {
            "timestamp": "2025-03-15 19:15:00",
            "vital_signs": {
                "heart_rate": "128 bpm",
                "respiratory_rate": "59 breaths/min",
                "body_temperature": "36.7 °C",
                "HR_Delta": "5.0 Δ",
                "RespRate_Delta": "11 Δ breaths/min",
                "Temp_Delta": "0.6 °C"
            },
            "pain_level": "Low"
        },
        {
            "timestamp": "2025-03-15 19:20:00",
            "vital_signs": {
                "heart_rate": "133 bpm",
                "respiratory_rate": "38 breaths/min",
                "body_temperature": "36.5 °C",
                "HR_Delta": "4.7 Δ",
                "RespRate_Delta": "21 Δ breaths/min",
                "Temp_Delta": "0.2 °C"
            },
            "pain_level": "Low"
        },
        {
            "timestamp": "2025-03-15 19:25:00",
            "vital_signs": {
                "heart_rate": "131 bpm",
                "respiratory_rate": "70 breaths/min",
                "body_temperature": "36.7 °C",
                "HR_Delta": "1.9 Δ",
                "RespRate_Delta": "32 Δ breaths/min",
                "Temp_Delta": "0.2 °C"
            },
            "pain_level": "Low"
        },
        {
            "timestamp": "2025-03-15 19:30:00",
            "vital_signs": {
                "heart_rate": "132 bpm",
                "respiratory_rate": "85 breaths/min",
                "body_temperature": "36.7 °C",
                "HR_Delta": "0.4 Δ",
                "RespRate_Delta": "14 Δ breaths/min",
                "Temp_Delta": "0.0 °C"
            },
            "pain_level": "Low"
        },
        {
            "timestamp": "2025-03-15 19:35:00",
            "vital_signs": {
                "heart_rate": "131 bpm",
                "respiratory_rate": "67 breaths/min",
                "body_temperature": "37.1 °C",
                "HR_Delta": "0.5 Δ",
                "RespRate_Delta": "17 Δ breaths/min",
                "Temp_Delta": "0.4 °C"
            },
            "pain_level": "Low"
        },
        {
            "timestamp": "2025-03-15 19:40:00",
            "vital_signs": {
                "heart_rate": "143 bpm",
                "respiratory_rate": "34 breaths/min",
                "body_temperature": "37.0 °C",
                "HR_Delta": "11.7 Δ",
                "RespRate_Delta": "33 Δ breaths/min",
                "Temp_Delta": "0.1 °C"
            },
            "pain_level": "Low"
        },
        {
            "timestamp": "2025-03-15 19:45:00",
            "vital_signs": {
                "heart_rate": "140 bpm",
                "respiratory_rate": "37 breaths/min",
                "body_temperature": "37.2 °C",
                "HR_Delta": "2.6 Δ",
                "RespRate_Delta": "3 Δ breaths/min",
                "Temp_Delta": "0.2 °C"
            },
            "pain_level": "Low"
        },
        {
            "timestamp": "2025-03-15 19:50:00",
            "vital_signs": {
                "heart_rate": "140 bpm",
                "respiratory_rate": "90 breaths/min",
                "body_temperature": "37.1 °C",
                "HR_Delta": "0.0 Δ",
                "RespRate_Delta": "53 Δ breaths/min",
                "Temp_Delta": "0.1 °C"
            },
            "pain_level": "Low"
        },
        {
            "timestamp": "2025-03-15 19:55:00",
            "vital_signs": {
                "heart_rate": "131 bpm",
                "respiratory_rate": "83 breaths/min",
                "body_temperature": "37.3 °C",
                "HR_Delta": "9.6 Δ",
                "RespRate_Delta": "7 Δ breaths/min",
                "Temp_Delta": "0.2 °C"
            },
            "pain_level": "Low"
        },
        {
            "timestamp": "2025-03-15 20:00:00",
            "vital_signs": {
                "heart_rate": "133 bpm",
                "respiratory_rate": "67 breaths/min",
                "body_temperature": "36.5 °C",
                "HR_Delta": "2.6 Δ",
                "RespRate_Delta": "16 Δ breaths/min",
                "Temp_Delta": "0.8 °C"
            },
            "pain_level": "Low"
        },
        {
            "timestamp": "2025-03-15 20:05:00",
            "vital_signs": {
                "heart_rate": "126 bpm",
                "respiratory_rate": "75 breaths/min",
                "body_temperature": "37.1 °C",
                "HR_Delta": "6.9 Δ",
                "RespRate_Delta": "8 Δ breaths/min",
                "Temp_Delta": "0.6 °C"
            },
            "pain_level": "Low",
            "intervention": [
                {
                    "type": "position change",
                    "detail": "right lateral"
                }
            ]
        },
        {
            "timestamp": "2025-03-15 20:10:00",
            "vital_signs": {
                "heart_rate": "122 bpm",
                "respiratory_rate": "83 breaths/min",
                "body_temperature": "36.8 °C",
                "HR_Delta": "3.9 Δ",
                "RespRate_Delta": "8 Δ breaths/min",
                "Temp_Delta": "0.3 °C"
            },
            "pain_level": "Low"
        },
        {
            "timestamp": "2025-03-15 20:15:00",
            "vital_signs": {
                "heart_rate": "128 bpm",
                "respiratory_rate": "39 breaths/min",
                "body_temperature": "37.3 °C",
                "HR_Delta": "5.9 Δ",
                "RespRate_Delta": "44 Δ breaths/min",
                "Temp_Delta": "0.5 °C"
            },
            "pain_level": "Low"
        },
        {
            "timestamp": "2025-03-15 20:20:00",
            "vital_signs": {
                "heart_rate": "129 bpm",
                "respiratory_rate": "32 breaths/min",
                "body_temperature": "37.0 °C",
                "HR_Delta": "1.2 Δ",
                "RespRate_Delta": "7 Δ breaths/min",
                "Temp_Delta": "0.3 °C"
            },
            "pain_level": "Low"
        },
        {
            "timestamp": "2025-03-15 20:25:00",
            "vital_signs": {
                "heart_rate": "128 bpm",
                "respiratory_rate": "40 breaths/min",
                "body_temperature": "37.1 °C",
                "HR_Delta": "1.9 Δ",
                "RespRate_Delta": "8 Δ breaths/min",
                "Temp_Delta": "0.1 °C"
            },
            "pain_level": "Low"
        },
        {
            "timestamp": "2025-03-15 20:30:00",
            "vital_signs": {
                "heart_rate": "126 bpm",
                "respiratory_rate": "32 breaths/min",
                "body_temperature": "37.4 °C",
                "HR_Delta": "1.1 Δ",
                "RespRate_Delta": "8 Δ breaths/min",
                "Temp_Delta": "0.3 °C"
            },
            "pain_level": "Low"
        },
        {
            "timestamp": "2025-03-15 20:35:00",
            "vital_signs": {
                "heart_rate": "131 bpm",
                "respiratory_rate": "37 breaths/min",
                "body_temperature": "37.4 °C",
                "HR_Delta": "4.5 Δ",
                "RespRate_Delta": "5 Δ breaths/min",
                "Temp_Delta": "0.0 °C"
            },
            "pain_level": "Low"
        },
        {
            "timestamp": "2025-03-15 20:40:00",
            "vital_signs": {
                "heart_rate": "130 bpm",
                "respiratory_rate": "45 breaths/min",
                "body_temperature": "36.8 °C",
                "HR_Delta": "0.9 Δ",
                "RespRate_Delta": "8 Δ breaths/min",
                "Temp_Delta": "0.6 °C"
            },
            "pain_level": "Low"
        },
        {
            "timestamp": "2025-03-15 20:45:00",
            "vital_signs": {
                "heart_rate": "131 bpm",
                "respiratory_rate": "76 breaths/min",
                "body_temperature": "37.3 °C",
                "HR_Delta": "0.9 Δ",
                "RespRate_Delta": "32 Δ breaths/min",
                "Temp_Delta": "0.5 °C"
            },
            "pain_level": "Low"
        },
        {
            "timestamp": "2025-03-15 20:50:00",
            "vital_signs": {
                "heart_rate": "129 bpm",
                "respiratory_rate": "78 breaths/min",
                "body_temperature": "37.3 °C",
                "HR_Delta": "1.6 Δ",
                "RespRate_Delta": "1 Δ breaths/min",
                "Temp_Delta": "0.0 °C"
            },
            "pain_level": "Low"
        },
        {
            "timestamp": "2025-03-15 20:55:00",
            "vital_signs": {
                "heart_rate": "129 bpm",
                "respiratory_rate": "84 breaths/min",
                "body_temperature": "37.1 °C",
                "HR_Delta": "0.7 Δ",
                "RespRate_Delta": "7 Δ breaths/min",
                "Temp_Delta": "0.2 °C"
            },
            "pain_level": "Low"
        },
        {
            "timestamp": "2025-03-15 21:00:00",
            "vital_signs": {
                "heart_rate": "131 bpm",
                "respiratory_rate": "75 breaths/min",
                "body_temperature": "36.8 °C",
                "HR_Delta": "2.0 Δ",
                "RespRate_Delta": "10 Δ breaths/min",
                "Temp_Delta": "0.3 °C"
            },
            "pain_level": "Low",
            "intervention": [
                {
                    "type": "diaper change",
                    "detail": "Scheduled diaper change"
                }
            ]
        },
        {
            "timestamp": "2025-03-15 21:05:00",
            "vital_signs": {
                "heart_rate": "130 bpm",
                "respiratory_rate": "78 breaths/min",
                "body_temperature": "36.5 °C",
                "HR_Delta": "0.1 Δ",
                "RespRate_Delta": "3 Δ breaths/min",
                "Temp_Delta": "0.3 °C"
            },
            "pain_level": "Low"
        },
        {
            "timestamp": "2025-03-15 21:10:00",
            "vital_signs": {
                "heart_rate": "131 bpm",
                "respiratory_rate": "41 breaths/min",
                "body_temperature": "37.1 °C",
                "HR_Delta": "0.4 Δ",
                "RespRate_Delta": "37 Δ breaths/min",
                "Temp_Delta": "0.6 °C"
            },
            "pain_level": "Low"
        },
        {
            "timestamp": "2025-03-15 21:15:00",
            "vital_signs": {
                "heart_rate": "134 bpm",
                "respiratory_rate": "70 breaths/min",
                "body_temperature": "37.4 °C",
                "HR_Delta": "3.3 Δ",
                "RespRate_Delta": "29 Δ breaths/min",
                "Temp_Delta": "0.3 °C"
            },
            "pain_level": "Low",
            "intervention": [
                {
                    "type": "position change",
                    "detail": "left lateral"
                }
            ]
        },
        {
            "timestamp": "2025-03-15 21:20:00",
            "vital_signs": {
                "heart_rate": "131 bpm",
                "respiratory_rate": "39 breaths/min",
                "body_temperature": "36.8 °C",
                "HR_Delta": "3.5 Δ",
                "RespRate_Delta": "32 Δ breaths/min",
                "Temp_Delta": "0.6 °C"
            },
            "pain_level": "Low"
        },
        {
            "timestamp": "2025-03-15 21:25:00",
            "vital_signs": {
                "heart_rate": "126 bpm",
                "respiratory_rate": "58 breaths/min",
                "body_temperature": "37.1 °C",
                "HR_Delta": "4.8 Δ",
                "RespRate_Delta": "20 Δ breaths/min",
                "Temp_Delta": "0.3 °C"
            },
            "pain_level": "Low"
        },
        {
            "timestamp": "2025-03-15 21:30:00",
            "vital_signs": {
                "heart_rate": "143 bpm",
                "respiratory_rate": "71 breaths/min",
                "body_temperature": "36.7 °C",
                "HR_Delta": "17.6 Δ",
                "RespRate_Delta": "13 Δ breaths/min",
                "Temp_Delta": "0.4 °C"
            },
            "pain_level": "Low"
        },
        {
            "timestamp": "2025-03-15 21:35:00",
            "vital_signs": {
                "heart_rate": "142 bpm",
                "respiratory_rate": "36 breaths/min",
                "body_temperature": "36.6 °C",
                "HR_Delta": "1.0 Δ",
                "RespRate_Delta": "36 Δ breaths/min",
                "Temp_Delta": "0.1 °C"
            },
            "pain_level": "Low"
        },
        {
            "timestamp": "2025-03-15 21:40:00",
            "vital_signs": {
                "heart_rate": "129 bpm",
                "respiratory_rate": "35 breaths/min",
                "body_temperature": "37.1 °C",
                "HR_Delta": "13.0 Δ",
                "RespRate_Delta": "1 Δ breaths/min",
                "Temp_Delta": "0.5 °C"
            },
            "pain_level": "Low"
        },
        {
            "timestamp": "2025-03-15 21:45:00",
            "vital_signs": {
                "heart_rate": "129 bpm",
                "respiratory_rate": "55 breaths/min",
                "body_temperature": "36.8 °C",
                "HR_Delta": "0.3 Δ",
                "RespRate_Delta": "20 Δ breaths/min",
                "Temp_Delta": "0.3 °C"
            },
            "pain_level": "Low"
        },
        {
            "timestamp": "2025-03-15 21:50:00",
            "vital_signs": {
                "heart_rate": "125 bpm",
                "respiratory_rate": "65 breaths/min",
                "body_temperature": "37.1 °C",
                "HR_Delta": "4.0 Δ",
                "RespRate_Delta": "10 Δ breaths/min",
                "Temp_Delta": "0.3 °C"
            },
            "pain_level": "Low"
        },
        {
            "timestamp": "2025-03-15 21:55:00",
            "vital_signs": {
                "heart_rate": "130 bpm",
                "respiratory_rate": "67 breaths/min",
                "body_temperature": "37.1 °C",
                "HR_Delta": "4.6 Δ",
                "RespRate_Delta": "2 Δ breaths/min",
                "Temp_Delta": "0.0 °C"
            },
            "pain_level": "Low"
        },
        {
            "timestamp": "2025-03-15 22:00:00",
            "vital_signs": {
                "heart_rate": "128 bpm",
                "respiratory_rate": "62 breaths/min",
                "body_temperature": "36.9 °C",
                "HR_Delta": "1.0 Δ",
                "RespRate_Delta": "5 Δ breaths/min",
                "Temp_Delta": "0.2 °C"
            },
            "pain_level": "Low"
        },
        {
            "timestamp": "2025-03-15 22:05:00",
            "vital_signs": {
                "heart_rate": "131 bpm",
                "respiratory_rate": "45 breaths/min",
                "body_temperature": "37.4 °C",
                "HR_Delta": "2.5 Δ",
                "RespRate_Delta": "17 Δ breaths/min",
                "Temp_Delta": "0.5 °C"
            },
            "pain_level": "Low"
        },
        {
            "timestamp": "2025-03-15 22:10:00",
            "vital_signs": {
                "heart_rate": "140 bpm",
                "respiratory_rate": "81 breaths/min",
                "body_temperature": "36.8 °C",
                "HR_Delta": "8.7 Δ",
                "RespRate_Delta": "36 Δ breaths/min",
                "Temp_Delta": "0.6 °C"
            },
            "pain_level": "Low"
        },
        {
            "timestamp": "2025-03-15 22:15:00",
            "vital_signs": {
                "heart_rate": "139 bpm",
                "respiratory_rate": "60 breaths/min",
                "body_temperature": "36.5 °C",
                "HR_Delta": "0.6 Δ",
                "RespRate_Delta": "21 Δ breaths/min",
                "Temp_Delta": "0.3 °C"
            },
            "pain_level": "Low"
        },
        {
            "timestamp": "2025-03-15 22:20:00",
            "vital_signs": {
                "heart_rate": "129 bpm",
                "respiratory_rate": "35 breaths/min",
                "body_temperature": "37.1 °C",
                "HR_Delta": "9.9 Δ",
                "RespRate_Delta": "25 Δ breaths/min",
                "Temp_Delta": "0.6 °C"
            },
            "pain_level": "Low"
        },
        {
            "timestamp": "2025-03-15 22:25:00",
            "vital_signs": {
                "heart_rate": "130 bpm",
                "respiratory_rate": "38 breaths/min",
                "body_temperature": "37.1 °C",
                "HR_Delta": "1.1 Δ",
                "RespRate_Delta": "3 Δ breaths/min",
                "Temp_Delta": "0.0 °C"
            },
            "pain_level": "Low"
        },
        {
            "timestamp": "2025-03-15 22:30:00",
            "vital_signs": {
                "heart_rate": "130 bpm",
                "respiratory_rate": "89 breaths/min",
                "body_temperature": "37.4 °C",
                "HR_Delta": "0.0 Δ",
                "RespRate_Delta": "51 Δ breaths/min",
                "Temp_Delta": "0.3 °C"
            },
            "pain_level": "Low"
        },
        {
            "timestamp": "2025-03-15 22:35:00",
            "vital_signs": {
                "heart_rate": "134 bpm",
                "respiratory_rate": "65 breaths/min",
                "body_temperature": "36.7 °C",
                "HR_Delta": "3.4 Δ",
                "RespRate_Delta": "23 Δ breaths/min",
                "Temp_Delta": "0.7 °C"
            },
            "pain_level": "Low"
        },
        {
            "timestamp": "2025-03-15 22:40:00",
            "vital_signs": {
                "heart_rate": "128 bpm",
                "respiratory_rate": "39 breaths/min",
                "body_temperature": "37.1 °C",
                "HR_Delta": "5.8 Δ",
                "RespRate_Delta": "26 Δ breaths/min",
                "Temp_Delta": "0.4 °C"
            },
            "pain_level": "Low"
        },
        {
            "timestamp": "2025-03-15 22:45:00",
            "vital_signs": {
                "heart_rate": "131 bpm",
                "respiratory_rate": "57 breaths/min",
                "body_temperature": "37.0 °C",
                "HR_Delta": "3.0 Δ",
                "RespRate_Delta": "18 Δ breaths/min",
                "Temp_Delta": "0.1 °C"
            },
            "pain_level": "Low"
        },
        {
            "timestamp": "2025-03-15 22:50:00",
            "vital_signs": {
                "heart_rate": "141 bpm",
                "respiratory_rate": "40 breaths/min",
                "body_temperature": "37.0 °C",
                "HR_Delta": "10.3 Δ",
                "RespRate_Delta": "17 Δ breaths/min",
                "Temp_Delta": "0.0 °C"
            },
            "pain_level": "Low"
        },
        {
            "timestamp": "2025-03-15 22:55:00",
            "vital_signs": {
                "heart_rate": "132 bpm",
                "respiratory_rate": "83 breaths/min",
                "body_temperature": "36.9 °C",
                "HR_Delta": "9.5 Δ",
                "RespRate_Delta": "43 Δ breaths/min",
                "Temp_Delta": "0.1 °C"
            },
            "pain_level": "Low",
            "intervention": [
                {
                    "type": "position change",
                    "detail": "prone"
                }
            ]
        }
    ]
}