{
    "patient_id": "Jane Doe",
    "Sex": "F",
    "Post-Conceptual Age": "30/6 Weeks/Days",
    "Weight": "2.7 kg",
    "Conditions": [],
    "data": [
        {
            "timestamp": "2025-03-14 20:14:00",
            "vital_signs": {
                "heart_rate": "132 bpm",
                "respiratory_rate": "48 breaths/min",
                "body_temperature": "37.1 °C",
                "HR_Delta": null,
                "RespRate_Delta": null,
                "Temp_Delta": null
            },
            "pain_level": "Low",
            "intervention": [
                {
                    "type": "diaper change",
                    "detail": "Scheduled diaper change"
                },
                {
                    "type": "position change",
                    "detail": "supine"
                }
            ]
        },
        {
            "timestamp": "2025-03-14 20:19:00",
            "vital_signs": {
                "heart_rate": "139 bpm",
                "respiratory_rate": "69 breaths/min",
                "body_temperature": "37.0 °C",
                "HR_Delta": "6.4 Δ",
                "RespRate_Delta": "20 Δ breaths/min",
                "Temp_Delta": "0.1 °C"
            },
            "pain_level": "Low"
        },
        {
            "timestamp": "2025-03-14 20:24:00",
            "vital_signs": {
                "heart_rate": "128 bpm",
                "respiratory_rate": "65 breaths/min",
                "body_temperature": "36.5 °C",
                "HR_Delta": "10.6 Δ",
                "RespRate_Delta": "3 Δ breaths/min",
                "Temp_Delta": "0.5 °C"
            },
            "pain_level": "Low"
        },
        {
            "timestamp": "2025-03-14 20:29:00",
            "vital_signs": {
                "heart_rate": "127 bpm",
                "respiratory_rate": "40 breaths/min",
                "body_temperature": "37.0 °C",
                "HR_Delta": "0.7 Δ",
                "RespRate_Delta": "26 Δ breaths/min",
                "Temp_Delta": "0.5 °C"
            },
            "pain_level": "Low"
        },
        {
            "timestamp": "2025-03-14 20:34:00",
            "vital_signs": {
                "heart_rate": "127 bpm",
                "respiratory_rate": "38 breaths/min",
                "body_temperature": "37.3 °C",
                "HR_Delta": "0.2 Δ",
                "RespRate_Delta": "1 Δ breaths/min",
                "Temp_Delta": "0.3 °C"
            },
            "pain_level": "Low",
            "intervention": [
                {
                    "type": "position change",
                    "detail": "prone"
                }
            ]
        },
        {
            "timestamp": "2025-03-14 20:39:00",
            "vital_signs": {
                "heart_rate": "148 bpm",
                "respiratory_rate": "66 breaths/min",
                "body_temperature": "37.1 °C",
                "HR_Delta": "20.8 Δ",
                "RespRate_Delta": "27 Δ breaths/min",
                "Temp_Delta": "0.2 °C"
            },
            "pain_level": "Low"
        },
        {
            "timestamp": "2025-03-14 20:44:00",
            "vital_signs": {
                "heart_rate": "127 bpm",
                "respiratory_rate": "61 breaths/min",
                "body_temperature": "36.6 °C",
                "HR_Delta": "20.9 Δ",
                "RespRate_Delta": "5 Δ breaths/min",
                "Temp_Delta": "0.5 °C"
            },
            "pain_level": "Low"
        },
        {
            "timestamp": "2025-03-14 20:49:00",
            "vital_signs": {
                "heart_rate": "131 bpm",
                "respiratory_rate": "38 breaths/min",
                "body_temperature": "36.8 °C",
                "HR_Delta": "4.1 Δ",
                "RespRate_Delta": "23 Δ breaths/min",
                "Temp_Delta": "0.2 °C"
            },
            "pain_level": "Low"
        },
        {
            "timestamp": "2025-03-14 20:54:00",
            "vital_signs": {
                "heart_rate": "128 bpm",
                "respiratory_rate": "38 breaths/min",
                "body_temperature": "36.6 °C",
                "HR_Delta": "2.5 Δ",
                "RespRate_Delta": "0 Δ breaths/min",
                "Temp_Delta": "0.2 °C"
            },
            "pain_level": "Low"
        },
        {
            "timestamp": "2025-03-14 20:59:00",
            "vital_signs": {
                "heart_rate": "128 bpm",
                "respiratory_rate": "38 breaths/min",
                "body_temperature": "37.0 °C",
                "HR_Delta": "0.2 Δ",
                "RespRate_Delta": "1 Δ breaths/min",
                "Temp_Delta": "0.4 °C"
            },
            "pain_level": "Low"
        },
        {
            "timestamp": "2025-03-14 21:04:00",
            "vital_signs": {
                "heart_rate": "117 bpm",
                "respiratory_rate": "52 breaths/min",
                "body_temperature": "36.6 °C",
                "HR_Delta": "11.1 Δ",
                "RespRate_Delta": "15 Δ breaths/min",
                "Temp_Delta": "0.4 °C"
            },
            "pain_level": "Low"
        },
        {
            "timestamp": "2025-03-14 21:09:00",
            "vital_signs": {
                "heart_rate": "137 bpm",
                "respiratory_rate": "45 breaths/min",
                "body_temperature": "36.8 °C",
                "HR_Delta": "20.0 Δ",
                "RespRate_Delta": "7 Δ breaths/min",
                "Temp_Delta": "0.2 °C"
            },
            "pain_level": "Low",
            "intervention": [
                {
                    "type": "oxygen administration",
                    "detail": "increase flow"
                }
            ]
        },
        {
            "timestamp": "2025-03-14 21:14:00",
            "vital_signs": {
                "heart_rate": "129 bpm",
                "respiratory_rate": "67 breaths/min",
                "body_temperature": "37.4 °C",
                "HR_Delta": "7.9 Δ",
                "RespRate_Delta": "22 Δ breaths/min",
                "Temp_Delta": "0.6 °C"
            },
            "pain_level": "Low"
        },
        {
            "timestamp": "2025-03-14 21:19:00",
            "vital_signs": {
                "heart_rate": "144 bpm",
                "respiratory_rate": "54 breaths/min",
                "body_temperature": "36.8 °C",
                "HR_Delta": "14.5 Δ",
                "RespRate_Delta": "13 Δ breaths/min",
                "Temp_Delta": "0.6 °C"
            },
            "pain_level": "Low"
        },
        {
            "timestamp": "2025-03-14 21:24:00",
            "vital_signs": {
                "heart_rate": "131 bpm",
                "respiratory_rate": "78 breaths/min",
                "body_temperature": "37.3 °C",
                "HR_Delta": "13.1 Δ",
                "RespRate_Delta": "24 Δ breaths/min",
                "Temp_Delta": "0.5 °C"
            },
            "pain_level": "Low",
            "intervention": [
                {
                    "type": "position change",
                    "detail": "left lateral"
                }
            ]
        },
        {
            "timestamp": "2025-03-14 21:29:00",
            "vital_signs": {
                "heart_rate": "131 bpm",
                "respiratory_rate": "47 breaths/min",
                "body_temperature": "37.4 °C",
                "HR_Delta": "0.1 Δ",
                "RespRate_Delta": "30 Δ breaths/min",
                "Temp_Delta": "0.1 °C"
            },
            "pain_level": "Low"
        },
        {
            "timestamp": "2025-03-14 21:34:00",
            "vital_signs": {
                "heart_rate": "129 bpm",
                "respiratory_rate": "54 breaths/min",
                "body_temperature": "37.2 °C",
                "HR_Delta": "1.6 Δ",
                "RespRate_Delta": "7 Δ breaths/min",
                "Temp_Delta": "0.2 °C"
            },
            "pain_level": "Low"
        },
        {
            "timestamp": "2025-03-14 21:39:00",
            "vital_signs": {
                "heart_rate": "127 bpm",
                "respiratory_rate": "44 breaths/min",
                "body_temperature": "37.1 °C",
                "HR_Delta": "1.9 Δ",
                "RespRate_Delta": "10 Δ breaths/min",
                "Temp_Delta": "0.1 °C"
            },
            "pain_level": "Low"
        },
        {
            "timestamp": "2025-03-14 21:44:00",
            "vital_signs": {
                "heart_rate": "123 bpm",
                "respiratory_rate": "68 breaths/min",
                "body_temperature": "37.3 °C",
                "HR_Delta": "3.9 Δ",
                "RespRate_Delta": "23 Δ breaths/min",
                "Temp_Delta": "0.2 °C"
            },
            "pain_level": "Low"
        },
        {
            "timestamp": "2025-03-14 21:49:00",
            "vital_signs": {
                "heart_rate": "129 bpm",
                "respiratory_rate": "65 breaths/min",
                "body_temperature": "36.7 °C",
                "HR_Delta": "6.5 Δ",
                "RespRate_Delta": "3 Δ breaths/min",
                "Temp_Delta": "0.6 °C"
            },
            "pain_level": "Low"
        },
        {
            "timestamp": "2025-03-14 21:54:00",
            "vital_signs": {
                "heart_rate": "135 bpm",
                "respiratory_rate": "76 breaths/min",
                "body_temperature": "36.9 °C",
                "HR_Delta": "5.8 Δ",
                "RespRate_Delta": "12 Δ breaths/min",
                "Temp_Delta": "0.2 °C"
            },
            "pain_level": "Low",
            "intervention": [
                {
                    "type": "position change",
                    "detail": "right lateral"
                }
            ]
        },
        {
            "timestamp": "2025-03-14 21:59:00",
            "vital_signs": {
                "heart_rate": "126 bpm",
                "respiratory_rate": "82 breaths/min",
                "body_temperature": "36.8 °C",
                "HR_Delta": "9.1 Δ",
                "RespRate_Delta": "5 Δ breaths/min",
                "Temp_Delta": "0.1 °C"
            },
            "pain_level": "Low"
        },
        {
            "timestamp": "2025-03-14 22:04:00",
            "vital_signs": {
                "heart_rate": "130 bpm",
                "respiratory_rate": "68 breaths/min",
                "body_temperature": "36.6 °C",
                "HR_Delta": "3.5 Δ",
                "RespRate_Delta": "14 Δ breaths/min",
                "Temp_Delta": "0.2 °C"
            },
            "pain_level": "Low"
        },
        {
            "timestamp": "2025-03-14 22:09:00",
            "vital_signs": {
                "heart_rate": "128 bpm",
                "respiratory_rate": "48 breaths/min",
                "body_temperature": "37.2 °C",
                "HR_Delta": "2.1 Δ",
                "RespRate_Delta": "20 Δ breaths/min",
                "Temp_Delta": "0.6 °C"
            },
            "pain_level": "Low"
        },
        {
            "timestamp": "2025-03-14 22:14:00",
            "vital_signs": {
                "heart_rate": "128 bpm",
                "respiratory_rate": "40 breaths/min",
                "body_temperature": "37.3 °C",
                "HR_Delta": "0.2 Δ",
                "RespRate_Delta": "8 Δ breaths/min",
                "Temp_Delta": "0.1 °C"
            },
            "pain_level": "Low"
        },
        {
            "timestamp": "2025-03-14 22:19:00",
            "vital_signs": {
                "heart_rate": "143 bpm",
                "respiratory_rate": "65 breaths/min",
                "body_temperature": "36.5 °C",
                "HR_Delta": "15.2 Δ",
                "RespRate_Delta": "25 Δ breaths/min",
                "Temp_Delta": "0.8 °C"
            },
            "pain_level": "Low"
        },
        {
            "timestamp": "2025-03-14 22:24:00",
            "vital_signs": {
                "heart_rate": "147 bpm",
                "respiratory_rate": "69 breaths/min",
                "body_temperature": "36.8 °C",
                "HR_Delta": "3.6 Δ",
                "RespRate_Delta": "4 Δ breaths/min",
                "Temp_Delta": "0.3 °C"
            },
            "pain_level": "Low"
        },
        {
            "timestamp": "2025-03-14 22:29:00",
            "vital_signs": {
                "heart_rate": "133 bpm",
                "respiratory_rate": "39 breaths/min",
                "body_temperature": "36.7 °C",
                "HR_Delta": "14.1 Δ",
                "RespRate_Delta": "31 Δ breaths/min",
                "Temp_Delta": "0.1 °C"
            },
            "pain_level": "Low"
        },
        {
            "timestamp": "2025-03-14 22:34:00",
            "vital_signs": {
                "heart_rate": "127 bpm",
                "respiratory_rate": "39 breaths/min",
                "body_temperature": "36.6 °C",
                "HR_Delta": "5.8 Δ",
                "RespRate_Delta": "1 Δ breaths/min",
                "Temp_Delta": "0.1 °C"
            },
            "pain_level": "Low"
        },
        {
            "timestamp": "2025-03-14 22:39:00",
            "vital_signs": {
                "heart_rate": "128 bpm",
                "respiratory_rate": "70 breaths/min",
                "body_temperature": "37.2 °C",
                "HR_Delta": "1.7 Δ",
                "RespRate_Delta": "31 Δ breaths/min",
                "Temp_Delta": "0.6 °C"
            },
            "pain_level": "Low"
        },
        {
            "timestamp": "2025-03-14 22:44:00",
            "vital_signs": {
                "heart_rate": "129 bpm",
                "respiratory_rate": "64 breaths/min",
                "body_temperature": "37.0 °C",
                "HR_Delta": "0.4 Δ",
                "RespRate_Delta": "6 Δ breaths/min",
                "Temp_Delta": "0.2 °C"
            },
            "pain_level": "Low"
        },
        {
            "timestamp": "2025-03-14 22:49:00",
            "vital_signs": {
                "heart_rate": "129 bpm",
                "respiratory_rate": "38 breaths/min",
                "body_temperature": "37.2 °C",
                "HR_Delta": "0.1 Δ",
                "RespRate_Delta": "26 Δ breaths/min",
                "Temp_Delta": "0.2 °C"
            },
            "pain_level": "Low"
        },
        {
            "timestamp": "2025-03-14 22:54:00",
            "vital_signs": {
                "heart_rate": "129 bpm",
                "respiratory_rate": "42 breaths/min",
                "body_temperature": "37.2 °C",
                "HR_Delta": "0.5 Δ",
                "RespRate_Delta": "4 Δ breaths/min",
                "Temp_Delta": "0.0 °C"
            },
            "pain_level": "Low"
        },
        {
            "timestamp": "2025-03-14 22:59:00",
            "vital_signs": {
                "heart_rate": "125 bpm",
                "respiratory_rate": "86 breaths/min",
                "body_temperature": "37.3 °C",
                "HR_Delta": "4.4 Δ",
                "RespRate_Delta": "44 Δ breaths/min",
                "Temp_Delta": "0.1 °C"
            },
            "pain_level": "Low"
        },
        {
            "timestamp": "2025-03-14 23:04:00",
            "vital_signs": {
                "heart_rate": "136 bpm",
                "respiratory_rate": "93 breaths/min",
                "body_temperature": "36.7 °C",
                "HR_Delta": "10.7 Δ",
                "RespRate_Delta": "7 Δ breaths/min",
                "Temp_Delta": "0.6 °C"
            },
            "pain_level": "Low"
        },
        {
            "timestamp": "2025-03-14 23:09:00",
            "vital_signs": {
                "heart_rate": "150 bpm",
                "respiratory_rate": "69 breaths/min",
                "body_temperature": "36.6 °C",
                "HR_Delta": "14.0 Δ",
                "RespRate_Delta": "24 Δ breaths/min",
                "Temp_Delta": "0.1 °C"
            },
            "pain_level": "Low"
        },
        {
            "timestamp": "2025-03-14 23:14:00",
            "vital_signs": {
                "heart_rate": "126 bpm",
                "respiratory_rate": "59 breaths/min",
                "body_temperature": "37.2 °C",
                "HR_Delta": "23.3 Δ",
                "RespRate_Delta": "10 Δ breaths/min",
                "Temp_Delta": "0.6 °C"
            },
            "pain_level": "Low",
            "intervention": [
                {
                    "type": "diaper change",
                    "detail": "Scheduled diaper change"
                }
            ]
        },
        {
            "timestamp": "2025-03-14 23:19:00",
            "vital_signs": {
                "heart_rate": "137 bpm",
                "respiratory_rate": "81 breaths/min",
                "body_temperature": "36.9 °C",
                "HR_Delta": "10.7 Δ",
                "RespRate_Delta": "22 Δ breaths/min",
                "Temp_Delta": "0.3 °C"
            },
            "pain_level": "Low"
        },
        {
            "timestamp": "2025-03-14 23:24:00",
            "vital_signs": {
                "heart_rate": "118 bpm",
                "respiratory_rate": "72 breaths/min",
                "body_temperature": "36.6 °C",
                "HR_Delta": "19.2 Δ",
                "RespRate_Delta": "9 Δ breaths/min",
                "Temp_Delta": "0.3 °C"
            },
            "pain_level": "Low"
        },
        {
            "timestamp": "2025-03-14 23:29:00",
            "vital_signs": {
                "heart_rate": "128 bpm",
                "respiratory_rate": "62 breaths/min",
                "body_temperature": "36.9 °C",
                "HR_Delta": "10.4 Δ",
                "RespRate_Delta": "11 Δ breaths/min",
                "Temp_Delta": "0.3 °C"
            },
            "pain_level": "Low"
        },
        {
            "timestamp": "2025-03-14 23:34:00",
            "vital_signs": {
                "heart_rate": "123 bpm",
                "respiratory_rate": "72 breaths/min",
                "body_temperature": "36.7 °C",
                "HR_Delta": "5.7 Δ",
                "RespRate_Delta": "11 Δ breaths/min",
                "Temp_Delta": "0.2 °C"
            },
            "pain_level": "Low"
        },
        {
            "timestamp": "2025-03-14 23:39:00",
            "vital_signs": {
                "heart_rate": "148 bpm",
                "respiratory_rate": "84 breaths/min",
                "body_temperature": "37.3 °C",
                "HR_Delta": "25.9 Δ",
                "RespRate_Delta": "12 Δ breaths/min",
                "Temp_Delta": "0.6 °C"
            },
            "pain_level": "Low"
        },
        {
            "timestamp": "2025-03-14 23:44:00",
            "vital_signs": {
                "heart_rate": "138 bpm",
                "respiratory_rate": "80 breaths/min",
                "body_temperature": "37.3 °C",
                "HR_Delta": "10.4 Δ",
                "RespRate_Delta": "4 Δ breaths/min",
                "Temp_Delta": "0.0 °C"
            },
            "pain_level": "Low",
            "intervention": [
                {
                    "type": "position change",
                    "detail": "supine"
                }
            ]
        },
        {
            "timestamp": "2025-03-14 23:49:00",
            "vital_signs": {
                "heart_rate": "142 bpm",
                "respiratory_rate": "78 breaths/min",
                "body_temperature": "36.9 °C",
                "HR_Delta": "3.5 Δ",
                "RespRate_Delta": "2 Δ breaths/min",
                "Temp_Delta": "0.4 °C"
            },
            "pain_level": "Low",
            "intervention": [
                {
                    "type": "diaper change",
                    "detail": null
                }
            ]
        },
        {
            "timestamp": "2025-03-14 23:54:00",
            "vital_signs": {
                "heart_rate": "130 bpm",
                "respiratory_rate": "83 breaths/min",
                "body_temperature": "37.3 °C",
                "HR_Delta": "11.9 Δ",
                "RespRate_Delta": "6 Δ breaths/min",
                "Temp_Delta": "0.4 °C"
            },
            "pain_level": "Low"
        },
        {
            "timestamp": "2025-03-14 23:59:00",
            "vital_signs": {
                "heart_rate": "130 bpm",
                "respiratory_rate": "42 breaths/min",
                "body_temperature": "37.2 °C",
                "HR_Delta": "0.0 Δ",
                "RespRate_Delta": "41 Δ breaths/min",
                "Temp_Delta": "0.1 °C"
            },
            "pain_level": "Low"
        },
        {
            "timestamp": "2025-03-15 00:04:00",
            "vital_signs": {
                "heart_rate": "130 bpm",
                "respiratory_rate": "40 breaths/min",
                "body_temperature": "36.9 °C",
                "HR_Delta": "0.0 Δ",
                "RespRate_Delta": "2 Δ breaths/min",
                "Temp_Delta": "0.3 °C"
            },
            "pain_level": "Low"
        },
        {
            "timestamp": "2025-03-15 00:09:00",
            "vital_signs": {
                "heart_rate": "149 bpm",
                "respiratory_rate": "68 breaths/min",
                "body_temperature": "36.9 °C",
                "HR_Delta": "19.7 Δ",
                "RespRate_Delta": "28 Δ breaths/min",
                "Temp_Delta": "0.0 °C"
            },
            "pain_level": "Low"
        },
        {
            "timestamp": "2025-03-15 00:14:00",
            "vital_signs": {
                "heart_rate": "123 bpm",
                "respiratory_rate": "52 breaths/min",
                "body_temperature": "36.6 °C",
                "HR_Delta": "26.7 Δ",
                "RespRate_Delta": "16 Δ breaths/min",
                "Temp_Delta": "0.3 °C"
            },
            "pain_level": "Low",
            "intervention": [
                {
                    "type": "position change",
                    "detail": "prone"
                }
            ]
        },
        {
            "timestamp": "2025-03-15 00:19:00",
            "vital_signs": {
                "heart_rate": "138 bpm",
                "respiratory_rate": "84 breaths/min",
                "body_temperature": "37.1 °C",
                "HR_Delta": "15.3 Δ",
                "RespRate_Delta": "32 Δ breaths/min",
                "Temp_Delta": "0.5 °C"
            },
            "pain_level": "Low"
        },
        {
            "timestamp": "2025-03-15 00:24:00",
            "vital_signs": {
                "heart_rate": "129 bpm",
                "respiratory_rate": "78 breaths/min",
                "body_temperature": "36.9 °C",
                "HR_Delta": "9.3 Δ",
                "RespRate_Delta": "6 Δ breaths/min",
                "Temp_Delta": "0.2 °C"
            },
            "pain_level": "Low",
            "intervention": [
                {
                    "type": "diaper change",
                    "detail": null
                }
            ]
        },
        {
            "timestamp": "2025-03-15 00:29:00",
            "vital_signs": {
                "heart_rate": "125 bpm",
                "respiratory_rate": "66 breaths/min",
                "body_temperature": "37.4 °C",
                "HR_Delta": "3.6 Δ",
                "RespRate_Delta": "12 Δ breaths/min",
                "Temp_Delta": "0.5 °C"
            },
            "pain_level": "Low"
        },
        {
            "timestamp": "2025-03-15 00:34:00",
            "vital_signs": {
                "heart_rate": "136 bpm",
                "respiratory_rate": "52 breaths/min",
                "body_temperature": "37.2 °C",
                "HR_Delta": "11.1 Δ",
                "RespRate_Delta": "14 Δ breaths/min",
                "Temp_Delta": "0.2 °C"
            },
            "pain_level": "Low"
        },
        {
            "timestamp": "2025-03-15 00:39:00",
            "vital_signs": {
                "heart_rate": "132 bpm",
                "respiratory_rate": "74 breaths/min",
                "body_temperature": "36.5 °C",
                "HR_Delta": "3.9 Δ",
                "RespRate_Delta": "22 Δ breaths/min",
                "Temp_Delta": "0.7 °C"
            },
            "pain_level": "Low"
        },
        {
            "timestamp": "2025-03-15 00:44:00",
            "vital_signs": {
                "heart_rate": "135 bpm",
                "respiratory_rate": "51 breaths/min",
                "body_temperature": "36.7 °C",
                "HR_Delta": "2.2 Δ",
                "RespRate_Delta": "23 Δ breaths/min",
                "Temp_Delta": "0.2 °C"
            },
            "pain_level": "Low",
            "intervention": [
                {
                    "type": "oxygen administration",
                    "detail": "increase flow"
                }
            ]
        },
        {
            "timestamp": "2025-03-15 00:49:00",
            "vital_signs": {
                "heart_rate": "124 bpm",
                "respiratory_rate": "80 breaths/min",
                "body_temperature": "37.0 °C",
                "HR_Delta": "10.9 Δ",
                "RespRate_Delta": "29 Δ breaths/min",
                "Temp_Delta": "0.3 °C"
            },
            "pain_level": "Low"
        },
        {
            "timestamp": "2025-03-15 00:54:00",
            "vital_signs": {
                "heart_rate": "134 bpm",
                "respiratory_rate": "85 breaths/min",
                "body_temperature": "36.6 °C",
                "HR_Delta": "10.0 Δ",
                "RespRate_Delta": "4 Δ breaths/min",
                "Temp_Delta": "0.4 °C"
            },
            "pain_level": "Low"
        },
        {
            "timestamp": "2025-03-15 00:59:00",
            "vital_signs": {
                "heart_rate": "128 bpm",
                "respiratory_rate": "92 breaths/min",
                "body_temperature": "37.3 °C",
                "HR_Delta": "5.9 Δ",
                "RespRate_Delta": "7 Δ breaths/min",
                "Temp_Delta": "0.7 °C"
            },
            "pain_level": "Low"
        },
        {
            "timestamp": "2025-03-15 01:04:00",
            "vital_signs": {
                "heart_rate": "129 bpm",
                "respiratory_rate": "70 breaths/min",
                "body_temperature": "36.8 °C",
                "HR_Delta": "0.8 Δ",
                "RespRate_Delta": "21 Δ breaths/min",
                "Temp_Delta": "0.5 °C"
            },
            "pain_level": "Low"
        },
        {
            "timestamp": "2025-03-15 01:09:00",
            "vital_signs": {
                "heart_rate": "144 bpm",
                "respiratory_rate": "42 breaths/min",
                "body_temperature": "36.8 °C",
                "HR_Delta": "15.6 Δ",
                "RespRate_Delta": "28 Δ breaths/min",
                "Temp_Delta": "0.0 °C"
            },
            "pain_level": "Low",
            "intervention": [
                {
                    "type": "position change",
                    "detail": "supine"
                }
            ]
        },
        {
            "timestamp": "2025-03-15 01:14:00",
            "vital_signs": {
                "heart_rate": "127 bpm",
                "respiratory_rate": "45 breaths/min",
                "body_temperature": "36.9 °C",
                "HR_Delta": "17.1 Δ",
                "RespRate_Delta": "4 Δ breaths/min",
                "Temp_Delta": "0.1 °C"
            },
            "pain_level": "Low"
        },
        {
            "timestamp": "2025-03-15 01:19:00",
            "vital_signs": {
                "heart_rate": "135 bpm",
                "respiratory_rate": "37 breaths/min",
                "body_temperature": "37.1 °C",
                "HR_Delta": "8.2 Δ",
                "RespRate_Delta": "9 Δ breaths/min",
                "Temp_Delta": "0.2 °C"
            },
            "pain_level": "Low"
        },
        {
            "timestamp": "2025-03-15 01:24:00",
            "vital_signs": {
                "heart_rate": "140 bpm",
                "respiratory_rate": "31 breaths/min",
                "body_temperature": "36.7 °C",
                "HR_Delta": "4.6 Δ",
                "RespRate_Delta": "6 Δ breaths/min",
                "Temp_Delta": "0.4 °C"
            },
            "pain_level": "Low"
        },
        {
            "timestamp": "2025-03-15 01:29:00",
            "vital_signs": {
                "heart_rate": "143 bpm",
                "respiratory_rate": "42 breaths/min",
                "body_temperature": "37.2 °C",
                "HR_Delta": "2.8 Δ",
                "RespRate_Delta": "10 Δ breaths/min",
                "Temp_Delta": "0.5 °C"
            },
            "pain_level": "Low"
        },
        {
            "timestamp": "2025-03-15 01:34:00",
            "vital_signs": {
                "heart_rate": "133 bpm",
                "respiratory_rate": "85 breaths/min",
                "body_temperature": "37.0 °C",
                "HR_Delta": "9.6 Δ",
                "RespRate_Delta": "43 Δ breaths/min",
                "Temp_Delta": "0.2 °C"
            },
            "pain_level": "Low"
        },
        {
            "timestamp": "2025-03-15 01:39:00",
            "vital_signs": {
                "heart_rate": "127 bpm",
                "respiratory_rate": "86 breaths/min",
                "body_temperature": "37.0 °C",
                "HR_Delta": "6.3 Δ",
                "RespRate_Delta": "1 Δ breaths/min",
                "Temp_Delta": "0.0 °C"
            },
            "pain_level": "Low"
        },
        {
            "timestamp": "2025-03-15 01:44:00",
            "vital_signs": {
                "heart_rate": "127 bpm",
                "respiratory_rate": "71 breaths/min",
                "body_temperature": "37.3 °C",
                "HR_Delta": "0.3 Δ",
                "RespRate_Delta": "14 Δ breaths/min",
                "Temp_Delta": "0.3 °C"
            },
            "pain_level": "Low"
        },
        {
            "timestamp": "2025-03-15 01:49:00",
            "vital_signs": {
                "heart_rate": "142 bpm",
                "respiratory_rate": "55 breaths/min",
                "body_temperature": "37.0 °C",
                "HR_Delta": "14.7 Δ",
                "RespRate_Delta": "16 Δ breaths/min",
                "Temp_Delta": "0.3 °C"
            },
            "pain_level": "Low"
        },
        {
            "timestamp": "2025-03-15 01:54:00",
            "vital_signs": {
                "heart_rate": "122 bpm",
                "respiratory_rate": "36 breaths/min",
                "body_temperature": "36.5 °C",
                "HR_Delta": "19.5 Δ",
                "RespRate_Delta": "19 Δ breaths/min",
                "Temp_Delta": "0.5 °C"
            },
            "pain_level": "Low"
        },
        {
            "timestamp": "2025-03-15 01:59:00",
            "vital_signs": {
                "heart_rate": "130 bpm",
                "respiratory_rate": "42 breaths/min",
                "body_temperature": "37.2 °C",
                "HR_Delta": "7.7 Δ",
                "RespRate_Delta": "6 Δ breaths/min",
                "Temp_Delta": "0.7 °C"
            },
            "pain_level": "Low"
        },
        {
            "timestamp": "2025-03-15 02:04:00",
            "vital_signs": {
                "heart_rate": "136 bpm",
                "respiratory_rate": "64 breaths/min",
                "body_temperature": "36.9 °C",
                "HR_Delta": "5.6 Δ",
                "RespRate_Delta": "22 Δ breaths/min",
                "Temp_Delta": "0.3 °C"
            },
            "pain_level": "Low"
        },
        {
            "timestamp": "2025-03-15 02:09:00",
            "vital_signs": {
                "heart_rate": "136 bpm",
                "respiratory_rate": "65 breaths/min",
                "body_temperature": "37.3 °C",
                "HR_Delta": "0.5 Δ",
                "RespRate_Delta": "1 Δ breaths/min",
                "Temp_Delta": "0.4 °C"
            },
            "pain_level": "Low"
        },
        {
            "timestamp": "2025-03-15 02:14:00",
            "vital_signs": {
                "heart_rate": "131 bpm",
                "respiratory_rate": "49 breaths/min",
                "body_temperature": "36.6 °C",
                "HR_Delta": "5.5 Δ",
                "RespRate_Delta": "16 Δ breaths/min",
                "Temp_Delta": "0.7 °C"
            },
            "pain_level": "Low",
            "intervention": [
                {
                    "type": "diaper change",
                    "detail": "Scheduled diaper change"
                }
            ]
        },
        {
            "timestamp": "2025-03-15 02:19:00",
            "vital_signs": {
                "heart_rate": "130 bpm",
                "respiratory_rate": "44 breaths/min",
                "body_temperature": "37.1 °C",
                "HR_Delta": "0.5 Δ",
                "RespRate_Delta": "6 Δ breaths/min",
                "Temp_Delta": "0.5 °C"
            },
            "pain_level": "Low"
        },
        {
            "timestamp": "2025-03-15 02:24:00",
            "vital_signs": {
                "heart_rate": "146 bpm",
                "respiratory_rate": "64 breaths/min",
                "body_temperature": "37.1 °C",
                "HR_Delta": "16.0 Δ",
                "RespRate_Delta": "20 Δ breaths/min",
                "Temp_Delta": "0.0 °C"
            },
            "pain_level": "Low"
        },
        {
            "timestamp": "2025-03-15 02:29:00",
            "vital_signs": {
                "heart_rate": "130 bpm",
                "respiratory_rate": "54 breaths/min",
                "body_temperature": "36.7 °C",
                "HR_Delta": "15.6 Δ",
                "RespRate_Delta": "10 Δ breaths/min",
                "Temp_Delta": "0.4 °C"
            },
            "pain_level": "Low"
        },
        {
            "timestamp": "2025-03-15 02:34:00",
            "vital_signs": {
                "heart_rate": "130 bpm",
                "respiratory_rate": "74 breaths/min",
                "body_temperature": "36.9 °C",
                "HR_Delta": "0.3 Δ",
                "RespRate_Delta": "20 Δ breaths/min",
                "Temp_Delta": "0.2 °C"
            },
            "pain_level": "Low"
        },
        {
            "timestamp": "2025-03-15 02:39:00",
            "vital_signs": {
                "heart_rate": "133 bpm",
                "respiratory_rate": "65 breaths/min",
                "body_temperature": "36.6 °C",
                "HR_Delta": "3.3 Δ",
                "RespRate_Delta": "9 Δ breaths/min",
                "Temp_Delta": "0.3 °C"
            },
            "pain_level": "Low"
        },
        {
            "timestamp": "2025-03-15 02:44:00",
            "vital_signs": {
                "heart_rate": "124 bpm",
                "respiratory_rate": "80 breaths/min",
                "body_temperature": "36.5 °C",
                "HR_Delta": "9.7 Δ",
                "RespRate_Delta": "15 Δ breaths/min",
                "Temp_Delta": "0.1 °C"
            },
            "pain_level": "Low"
        },
        {
            "timestamp": "2025-03-15 02:49:00",
            "vital_signs": {
                "heart_rate": "129 bpm",
                "respiratory_rate": "72 breaths/min",
                "body_temperature": "36.6 °C",
                "HR_Delta": "4.9 Δ",
                "RespRate_Delta": "8 Δ breaths/min",
                "Temp_Delta": "0.1 °C"
            },
            "pain_level": "Low"
        },
        {
            "timestamp": "2025-03-15 02:54:00",
            "vital_signs": {
                "heart_rate": "134 bpm",
                "respiratory_rate": "73 breaths/min",
                "body_temperature": "37.1 °C",
                "HR_Delta": "5.4 Δ",
                "RespRate_Delta": "1 Δ breaths/min",
                "Temp_Delta": "0.5 °C"
            },
            "pain_level": "Low"
        },
        {
            "timestamp": "2025-03-15 02:59:00",
            "vital_signs": {
                "heart_rate": "140 bpm",
                "respiratory_rate": "58 breaths/min",
                "body_temperature": "36.5 °C",
                "HR_Delta": "5.9 Δ",
                "RespRate_Delta": "16 Δ breaths/min",
                "Temp_Delta": "0.6 °C"
            },
            "pain_level": "Low"
        },
        {
            "timestamp": "2025-03-15 03:04:00",
            "vital_signs": {
                "heart_rate": "148 bpm",
                "respiratory_rate": "68 breaths/min",
                "body_temperature": "37.0 °C",
                "HR_Delta": "7.7 Δ",
                "RespRate_Delta": "11 Δ breaths/min",
                "Temp_Delta": "0.5 °C"
            },
            "pain_level": "Low"
        },
        {
            "timestamp": "2025-03-15 03:09:00",
            "vital_signs": {
                "heart_rate": "122 bpm",
                "respiratory_rate": "67 breaths/min",
                "body_temperature": "36.9 °C",
                "HR_Delta": "25.6 Δ",
                "RespRate_Delta": "1 Δ breaths/min",
                "Temp_Delta": "0.1 °C"
            },
            "pain_level": "Low"
        },
        {
            "timestamp": "2025-03-15 03:14:00",
            "vital_signs": {
                "heart_rate": "120 bpm",
                "respiratory_rate": "73 breaths/min",
                "body_temperature": "37.1 °C",
                "HR_Delta": "1.6 Δ",
                "RespRate_Delta": "6 Δ breaths/min",
                "Temp_Delta": "0.2 °C"
            },
            "pain_level": "Low"
        },
        {
            "timestamp": "2025-03-15 03:19:00",
            "vital_signs": {
                "heart_rate": "131 bpm",
                "respiratory_rate": "71 breaths/min",
                "body_temperature": "37.0 °C",
                "HR_Delta": "10.6 Δ",
                "RespRate_Delta": "2 Δ breaths/min",
                "Temp_Delta": "0.1 °C"
            },
            "pain_level": "Low"
        },
        {
            "timestamp": "2025-03-15 03:24:00",
            "vital_signs": {
                "heart_rate": "129 bpm",
                "respiratory_rate": "77 breaths/min",
                "body_temperature": "37.2 °C",
                "HR_Delta": "2.3 Δ",
                "RespRate_Delta": "6 Δ breaths/min",
                "Temp_Delta": "0.2 °C"
            },
            "pain_level": "Low",
            "intervention": [
                {
                    "type": "position change",
                    "detail": "right lateral"
                }
            ]
        },
        {
            "timestamp": "2025-03-15 03:29:00",
            "vital_signs": {
                "heart_rate": "127 bpm",
                "respiratory_rate": "78 breaths/min",
                "body_temperature": "36.7 °C",
                "HR_Delta": "1.4 Δ",
                "RespRate_Delta": "1 Δ breaths/min",
                "Temp_Delta": "0.5 °C"
            },
            "pain_level": "Low"
        },
        {
            "timestamp": "2025-03-15 03:34:00",
            "vital_signs": {
                "heart_rate": "128 bpm",
                "respiratory_rate": "73 breaths/min",
                "body_temperature": "37.2 °C",
                "HR_Delta": "0.3 Δ",
                "RespRate_Delta": "5 Δ breaths/min",
                "Temp_Delta": "0.5 °C"
            },
            "pain_level": "Low"
        },
        {
            "timestamp": "2025-03-15 03:39:00",
            "vital_signs": {
                "heart_rate": "131 bpm",
                "respiratory_rate": "47 breaths/min",
                "body_temperature": "36.6 °C",
                "HR_Delta": "3.4 Δ",
                "RespRate_Delta": "25 Δ breaths/min",
                "Temp_Delta": "0.6 °C"
            },
            "pain_level": "Low"
        },
        {
            "timestamp": "2025-03-15 03:44:00",
            "vital_signs": {
                "heart_rate": "147 bpm",
                "respiratory_rate": "32 breaths/min",
                "body_temperature": "36.9 °C",
                "HR_Delta": "15.4 Δ",
                "RespRate_Delta": "15 Δ breaths/min",
                "Temp_Delta": "0.3 °C"
            },
            "pain_level": "Low"
        },
        {
            "timestamp": "2025-03-15 03:49:00",
            "vital_signs": {
                "heart_rate": "141 bpm",
                "respiratory_rate": "30 breaths/min",
                "body_temperature": "36.9 °C",
                "HR_Delta": "5.3 Δ",
                "RespRate_Delta": "2 Δ breaths/min",
                "Temp_Delta": "0.0 °C"
            },
            "pain_level": "Low"
        },
        {
            "timestamp": "2025-03-15 03:54:00",
            "vital_signs": {
                "heart_rate": "149 bpm",
                "respiratory_rate": "40 breaths/min",
                "body_temperature": "36.5 °C",
                "HR_Delta": "7.5 Δ",
                "RespRate_Delta": "9 Δ breaths/min",
                "Temp_Delta": "0.4 °C"
            },
            "pain_level": "Low"
        },
        {
            "timestamp": "2025-03-15 03:59:00",
            "vital_signs": {
                "heart_rate": "128 bpm",
                "respiratory_rate": "74 breaths/min",
                "body_temperature": "36.8 °C",
                "HR_Delta": "20.7 Δ",
                "RespRate_Delta": "34 Δ breaths/min",
                "Temp_Delta": "0.3 °C"
            },
            "pain_level": "Low"
        },
        {
            "timestamp": "2025-03-15 04:04:00",
            "vital_signs": {
                "heart_rate": "131 bpm",
                "respiratory_rate": "71 breaths/min",
                "body_temperature": "37.3 °C",
                "HR_Delta": "2.8 Δ",
                "RespRate_Delta": "3 Δ breaths/min",
                "Temp_Delta": "0.5 °C"
            },
            "pain_level": "Low"
        },
        {
            "timestamp": "2025-03-15 04:09:00",
            "vital_signs": {
                "heart_rate": "129 bpm",
                "respiratory_rate": "74 breaths/min",
                "body_temperature": "36.7 °C",
                "HR_Delta": "2.2 Δ",
                "RespRate_Delta": "3 Δ breaths/min",
                "Temp_Delta": "0.6 °C"
            },
            "pain_level": "Low"
        }
    ]
}