timestamp,intervention_type,intervention_detail
2025-03-14 16:43:00,diaper change,Scheduled diaper change
2025-03-14 16:43:00,position change,left lateral
2025-03-14 16:53:00,oxygen administration,increase flow
2025-03-14 18:03:00,position change,supine
2025-03-14 18:28:00,family visitation,
2025-03-14 19:43:00,diaper change,Scheduled diaper change
2025-03-14 20:13:00,position change,left lateral
2025-03-14 20:43:00,position change,prone
2025-03-14 22:38:00,position change,left lateral
2025-03-14 22:43:00,diaper change,Scheduled diaper change
2025-03-14 23:03:00,position change,supine
2025-03-14 23:13:00,position change,prone
2025-03-14 23:18:00,position change,right lateral
