{
    "patient_id": "John Doe",
    "Sex": "M",
    "Age": "Age: 18 Days",
    "Weight": "3.8 kg",
    "Conditions": [
        "Tachycardia"
    ],
    "data": [
        {
            "timestamp": "2025-03-14 13:51:00",
            "vital_signs": {
                "heart_rate": "176 bpm",
                "respiratory_rate": "67 breaths/min",
                "body_temperature": "37.0 °C",
                "HR_Delta": null,
                "RespRate_Delta": null,
                "Temp_Delta": null
            },
            "pain_level": "Low",
            "intervention": [
                {
                    "type": "diaper change",
                    "detail": "Scheduled diaper change"
                },
                {
                    "type": "position change",
                    "detail": "prone"
                }
            ]
        },
        {
            "timestamp": "2025-03-14 13:56:00",
            "vital_signs": {
                "heart_rate": "190 bpm",
                "respiratory_rate": "66 breaths/min",
                "body_temperature": "37.2 °C",
                "HR_Delta": "13.6 Δ",
                "RespRate_Delta": "0 Δ breaths/min",
                "Temp_Delta": "0.2 °C"
            },
            "pain_level": "Low"
        },
        {
            "timestamp": "2025-03-14 14:01:00",
            "vital_signs": {
                "heart_rate": "191 bpm",
                "respiratory_rate": "64 breaths/min",
                "body_temperature": "36.7 °C",
                "HR_Delta": "1.3 Δ",
                "RespRate_Delta": "2 Δ breaths/min",
                "Temp_Delta": "0.5 °C"
            },
            "pain_level": "Low"
        },
        {
            "timestamp": "2025-03-14 14:06:00",
            "vital_signs": {
                "heart_rate": "184 bpm",
                "respiratory_rate": "76 breaths/min",
                "body_temperature": "36.7 °C",
                "HR_Delta": "7.3 Δ",
                "RespRate_Delta": "12 Δ breaths/min",
                "Temp_Delta": "0.0 °C"
            },
            "pain_level": "Low"
        },
        {
            "timestamp": "2025-03-14 14:11:00",
            "vital_signs": {
                "heart_rate": "180 bpm",
                "respiratory_rate": "87 breaths/min",
                "body_temperature": "37.0 °C",
                "HR_Delta": "3.2 Δ",
                "RespRate_Delta": "11 Δ breaths/min",
                "Temp_Delta": "0.3 °C"
            },
            "pain_level": "Low",
            "intervention": [
                {
                    "type": "position change",
                    "detail": "supine"
                }
            ]
        },
        {
            "timestamp": "2025-03-14 14:16:00",
            "vital_signs": {
                "heart_rate": "194 bpm",
                "respiratory_rate": "84 breaths/min",
                "body_temperature": "36.9 °C",
                "HR_Delta": "13.8 Δ",
                "RespRate_Delta": "3 Δ breaths/min",
                "Temp_Delta": "0.1 °C"
            },
            "pain_level": "Low"
        },
        {
            "timestamp": "2025-03-14 14:21:00",
            "vital_signs": {
                "heart_rate": "184 bpm",
                "respiratory_rate": "41 breaths/min",
                "body_temperature": "37.0 °C",
                "HR_Delta": "10.3 Δ",
                "RespRate_Delta": "43 Δ breaths/min",
                "Temp_Delta": "0.1 °C"
            },
            "pain_level": "Low"
        },
        {
            "timestamp": "2025-03-14 14:26:00",
            "vital_signs": {
                "heart_rate": "183 bpm",
                "respiratory_rate": "62 breaths/min",
                "body_temperature": "36.7 °C",
                "HR_Delta": "0.5 Δ",
                "RespRate_Delta": "21 Δ breaths/min",
                "Temp_Delta": "0.3 °C"
            },
            "pain_level": "Low"
        },
        {
            "timestamp": "2025-03-14 14:31:00",
            "vital_signs": {
                "heart_rate": "175 bpm",
                "respiratory_rate": "38 breaths/min",
                "body_temperature": "36.6 °C",
                "HR_Delta": "8.4 Δ",
                "RespRate_Delta": "25 Δ breaths/min",
                "Temp_Delta": "0.1 °C"
            },
            "pain_level": "Low"
        },
        {
            "timestamp": "2025-03-14 14:36:00",
            "vital_signs": {
                "heart_rate": "191 bpm",
                "respiratory_rate": "58 breaths/min",
                "body_temperature": "37.0 °C",
                "HR_Delta": "16.3 Δ",
                "RespRate_Delta": "20 Δ breaths/min",
                "Temp_Delta": "0.4 °C"
            },
            "pain_level": "Low"
        },
        {
            "timestamp": "2025-03-14 14:41:00",
            "vital_signs": {
                "heart_rate": "184 bpm",
                "respiratory_rate": "95 breaths/min",
                "body_temperature": "36.6 °C",
                "HR_Delta": "7.6 Δ",
                "RespRate_Delta": "37 Δ breaths/min",
                "Temp_Delta": "0.4 °C"
            },
            "pain_level": "Low"
        },
        {
            "timestamp": "2025-03-14 14:46:00",
            "vital_signs": {
                "heart_rate": "178 bpm",
                "respiratory_rate": "93 breaths/min",
                "body_temperature": "36.6 °C",
                "HR_Delta": "5.2 Δ",
                "RespRate_Delta": "2 Δ breaths/min",
                "Temp_Delta": "0.0 °C"
            },
            "pain_level": "Low"
        },
        {
            "timestamp": "2025-03-14 14:51:00",
            "vital_signs": {
                "heart_rate": "169 bpm",
                "respiratory_rate": "81 breaths/min",
                "body_temperature": "37.4 °C",
                "HR_Delta": "9.4 Δ",
                "RespRate_Delta": "12 Δ breaths/min",
                "Temp_Delta": "0.8 °C"
            },
            "pain_level": "Low"
        },
        {
            "timestamp": "2025-03-14 14:56:00",
            "vital_signs": {
                "heart_rate": "187 bpm",
                "respiratory_rate": "85 breaths/min",
                "body_temperature": "36.6 °C",
                "HR_Delta": "18.4 Δ",
                "RespRate_Delta": "4 Δ breaths/min",
                "Temp_Delta": "0.8 °C"
            },
            "pain_level": "Low"
        },
        {
            "timestamp": "2025-03-14 15:01:00",
            "vital_signs": {
                "heart_rate": "187 bpm",
                "respiratory_rate": "79 breaths/min",
                "body_temperature": "36.6 °C",
                "HR_Delta": "0.6 Δ",
                "RespRate_Delta": "6 Δ breaths/min",
                "Temp_Delta": "0.0 °C"
            },
            "pain_level": "Low"
        },
        {
            "timestamp": "2025-03-14 15:06:00",
            "vital_signs": {
                "heart_rate": "191 bpm",
                "respiratory_rate": "89 breaths/min",
                "body_temperature": "36.5 °C",
                "HR_Delta": "4.6 Δ",
                "RespRate_Delta": "9 Δ breaths/min",
                "Temp_Delta": "0.1 °C"
            },
            "pain_level": "Low"
        },
        {
            "timestamp": "2025-03-14 15:11:00",
            "vital_signs": {
                "heart_rate": "192 bpm",
                "respiratory_rate": "78 breaths/min",
                "body_temperature": "37.2 °C",
                "HR_Delta": "1.0 Δ",
                "RespRate_Delta": "11 Δ breaths/min",
                "Temp_Delta": "0.7 °C"
            },
            "pain_level": "Low"
        },
        {
            "timestamp": "2025-03-14 15:16:00",
            "vital_signs": {
                "heart_rate": "182 bpm",
                "respiratory_rate": "82 breaths/min",
                "body_temperature": "36.7 °C",
                "HR_Delta": "10.2 Δ",
                "RespRate_Delta": "4 Δ breaths/min",
                "Temp_Delta": "0.5 °C"
            },
            "pain_level": "Low",
            "intervention": [
                {
                    "type": "position change",
                    "detail": "left lateral"
                }
            ]
        },
        {
            "timestamp": "2025-03-14 15:21:00",
            "vital_signs": {
                "heart_rate": "191 bpm",
                "respiratory_rate": "76 breaths/min",
                "body_temperature": "36.9 °C",
                "HR_Delta": "8.5 Δ",
                "RespRate_Delta": "6 Δ breaths/min",
                "Temp_Delta": "0.2 °C"
            },
            "pain_level": "Low"
        },
        {
            "timestamp": "2025-03-14 15:26:00",
            "vital_signs": {
                "heart_rate": "189 bpm",
                "respiratory_rate": "41 breaths/min",
                "body_temperature": "36.8 °C",
                "HR_Delta": "1.5 Δ",
                "RespRate_Delta": "34 Δ breaths/min",
                "Temp_Delta": "0.1 °C"
            },
            "pain_level": "Low"
        },
        {
            "timestamp": "2025-03-14 15:31:00",
            "vital_signs": {
                "heart_rate": "171 bpm",
                "respiratory_rate": "76 breaths/min",
                "body_temperature": "37.2 °C",
                "HR_Delta": "17.6 Δ",
                "RespRate_Delta": "35 Δ breaths/min",
                "Temp_Delta": "0.4 °C"
            },
            "pain_level": "Low"
        },
        {
            "timestamp": "2025-03-14 15:36:00",
            "vital_signs": {
                "heart_rate": "187 bpm",
                "respiratory_rate": "73 breaths/min",
                "body_temperature": "37.2 °C",
                "HR_Delta": "15.3 Δ",
                "RespRate_Delta": "4 Δ breaths/min",
                "Temp_Delta": "0.0 °C"
            },
            "pain_level": "Low"
        },
        {
            "timestamp": "2025-03-14 15:41:00",
            "vital_signs": {
                "heart_rate": "194 bpm",
                "respiratory_rate": "89 breaths/min",
                "body_temperature": "36.8 °C",
                "HR_Delta": "7.6 Δ",
                "RespRate_Delta": "16 Δ breaths/min",
                "Temp_Delta": "0.4 °C"
            },
            "pain_level": "Low"
        },
        {
            "timestamp": "2025-03-14 15:46:00",
            "vital_signs": {
                "heart_rate": "187 bpm",
                "respiratory_rate": "38 breaths/min",
                "body_temperature": "36.7 °C",
                "HR_Delta": "7.4 Δ",
                "RespRate_Delta": "50 Δ breaths/min",
                "Temp_Delta": "0.1 °C"
            },
            "pain_level": "Low"
        },
        {
            "timestamp": "2025-03-14 15:51:00",
            "vital_signs": {
                "heart_rate": "190 bpm",
                "respiratory_rate": "38 breaths/min",
                "body_temperature": "37.1 °C",
                "HR_Delta": "3.4 Δ",
                "RespRate_Delta": "1 Δ breaths/min",
                "Temp_Delta": "0.4 °C"
            },
            "pain_level": "Low"
        },
        {
            "timestamp": "2025-03-14 15:56:00",
            "vital_signs": {
                "heart_rate": "195 bpm",
                "respiratory_rate": "76 breaths/min",
                "body_temperature": "37.0 °C",
                "HR_Delta": "4.6 Δ",
                "RespRate_Delta": "38 Δ breaths/min",
                "Temp_Delta": "0.1 °C"
            },
            "pain_level": "Low"
        },
        {
            "timestamp": "2025-03-14 16:01:00",
            "vital_signs": {
                "heart_rate": "183 bpm",
                "respiratory_rate": "95 breaths/min",
                "body_temperature": "37.3 °C",
                "HR_Delta": "12.4 Δ",
                "RespRate_Delta": "19 Δ breaths/min",
                "Temp_Delta": "0.3 °C"
            },
            "pain_level": "Low"
        },
        {
            "timestamp": "2025-03-14 16:06:00",
            "vital_signs": {
                "heart_rate": "180 bpm",
                "respiratory_rate": "70 breaths/min",
                "body_temperature": "37.2 °C",
                "HR_Delta": "2.3 Δ",
                "RespRate_Delta": "24 Δ breaths/min",
                "Temp_Delta": "0.1 °C"
            },
            "pain_level": "Low"
        },
        {
            "timestamp": "2025-03-14 16:11:00",
            "vital_signs": {
                "heart_rate": "190 bpm",
                "respiratory_rate": "38 breaths/min",
                "body_temperature": "37.4 °C",
                "HR_Delta": "9.9 Δ",
                "RespRate_Delta": "32 Δ breaths/min",
                "Temp_Delta": "0.2 °C"
            },
            "pain_level": "Low"
        },
        {
            "timestamp": "2025-03-14 16:16:00",
            "vital_signs": {
                "heart_rate": "183 bpm",
                "respiratory_rate": "39 breaths/min",
                "body_temperature": "36.7 °C",
                "HR_Delta": "7.1 Δ",
                "RespRate_Delta": "1 Δ breaths/min",
                "Temp_Delta": "0.7 °C"
            },
            "pain_level": "Low"
        },
        {
            "timestamp": "2025-03-14 16:21:00",
            "vital_signs": {
                "heart_rate": "172 bpm",
                "respiratory_rate": "37 breaths/min",
                "body_temperature": "37.2 °C",
                "HR_Delta": "10.6 Δ",
                "RespRate_Delta": "2 Δ breaths/min",
                "Temp_Delta": "0.5 °C"
            },
            "pain_level": "Low"
        },
        {
            "timestamp": "2025-03-14 16:26:00",
            "vital_signs": {
                "heart_rate": "184 bpm",
                "respiratory_rate": "78 breaths/min",
                "body_temperature": "37.1 °C",
                "HR_Delta": "11.4 Δ",
                "RespRate_Delta": "41 Δ breaths/min",
                "Temp_Delta": "0.1 °C"
            },
            "pain_level": "Low"
        },
        {
            "timestamp": "2025-03-14 16:31:00",
            "vital_signs": {
                "heart_rate": "182 bpm",
                "respiratory_rate": "69 breaths/min",
                "body_temperature": "37.4 °C",
                "HR_Delta": "1.7 Δ",
                "RespRate_Delta": "9 Δ breaths/min",
                "Temp_Delta": "0.3 °C"
            },
            "pain_level": "Low"
        },
        {
            "timestamp": "2025-03-14 16:36:00",
            "vital_signs": {
                "heart_rate": "195 bpm",
                "respiratory_rate": "95 breaths/min",
                "body_temperature": "36.9 °C",
                "HR_Delta": "13.0 Δ",
                "RespRate_Delta": "26 Δ breaths/min",
                "Temp_Delta": "0.5 °C"
            },
            "pain_level": "Low",
            "intervention": [
                {
                    "type": "diaper change",
                    "detail": null
                }
            ]
        },
        {
            "timestamp": "2025-03-14 16:41:00",
            "vital_signs": {
                "heart_rate": "177 bpm",
                "respiratory_rate": "87 breaths/min",
                "body_temperature": "36.7 °C",
                "HR_Delta": "18.0 Δ",
                "RespRate_Delta": "8 Δ breaths/min",
                "Temp_Delta": "0.2 °C"
            },
            "pain_level": "Low"
        },
        {
            "timestamp": "2025-03-14 16:46:00",
            "vital_signs": {
                "heart_rate": "182 bpm",
                "respiratory_rate": "41 breaths/min",
                "body_temperature": "36.7 °C",
                "HR_Delta": "4.4 Δ",
                "RespRate_Delta": "46 Δ breaths/min",
                "Temp_Delta": "0.0 °C"
            },
            "pain_level": "Low"
        },
        {
            "timestamp": "2025-03-14 16:51:00",
            "vital_signs": {
                "heart_rate": "178 bpm",
                "respiratory_rate": "69 breaths/min",
                "body_temperature": "37.2 °C",
                "HR_Delta": "3.3 Δ",
                "RespRate_Delta": "27 Δ breaths/min",
                "Temp_Delta": "0.5 °C"
            },
            "pain_level": "Low",
            "intervention": [
                {
                    "type": "diaper change",
                    "detail": "Scheduled diaper change"
                }
            ]
        },
        {
            "timestamp": "2025-03-14 16:56:00",
            "vital_signs": {
                "heart_rate": "188 bpm",
                "respiratory_rate": "72 breaths/min",
                "body_temperature": "37.4 °C",
                "HR_Delta": "9.7 Δ",
                "RespRate_Delta": "4 Δ breaths/min",
                "Temp_Delta": "0.2 °C"
            },
            "pain_level": "Low"
        },
        {
            "timestamp": "2025-03-14 17:01:00",
            "vital_signs": {
                "heart_rate": "180 bpm",
                "respiratory_rate": "72 breaths/min",
                "body_temperature": "36.6 °C",
                "HR_Delta": "8.0 Δ",
                "RespRate_Delta": "0 Δ breaths/min",
                "Temp_Delta": "0.8 °C"
            },
            "pain_level": "Low"
        },
        {
            "timestamp": "2025-03-14 17:06:00",
            "vital_signs": {
                "heart_rate": "193 bpm",
                "respiratory_rate": "42 breaths/min",
                "body_temperature": "36.6 °C",
                "HR_Delta": "12.6 Δ",
                "RespRate_Delta": "30 Δ breaths/min",
                "Temp_Delta": "0.0 °C"
            },
            "pain_level": "Low"
        },
        {
            "timestamp": "2025-03-14 17:11:00",
            "vital_signs": {
                "heart_rate": "172 bpm",
                "respiratory_rate": "80 breaths/min",
                "body_temperature": "37.0 °C",
                "HR_Delta": "20.3 Δ",
                "RespRate_Delta": "38 Δ breaths/min",
                "Temp_Delta": "0.4 °C"
            },
            "pain_level": "Low",
            "intervention": [
                {
                    "type": "lab test",
                    "detail": "electrolyte panel"
                }
            ]
        },
        {
            "timestamp": "2025-03-14 17:16:00",
            "vital_signs": {
                "heart_rate": "181 bpm",
                "respiratory_rate": "72 breaths/min",
                "body_temperature": "37.4 °C",
                "HR_Delta": "8.8 Δ",
                "RespRate_Delta": "8 Δ breaths/min",
                "Temp_Delta": "0.4 °C"
            },
            "pain_level": "Low",
            "intervention": [
                {
                    "type": "lighting adjustment",
                    "detail": "dim lights"
                }
            ]
        },
        {
            "timestamp": "2025-03-14 17:21:00",
            "vital_signs": {
                "heart_rate": "187 bpm",
                "respiratory_rate": "52 breaths/min",
                "body_temperature": "36.9 °C",
                "HR_Delta": "5.9 Δ",
                "RespRate_Delta": "20 Δ breaths/min",
                "Temp_Delta": "0.5 °C"
            },
            "pain_level": "Low"
        },
        {
            "timestamp": "2025-03-14 17:26:00",
            "vital_signs": {
                "heart_rate": "172 bpm",
                "respiratory_rate": "38 breaths/min",
                "body_temperature": "37.0 °C",
                "HR_Delta": "15.3 Δ",
                "RespRate_Delta": "14 Δ breaths/min",
                "Temp_Delta": "0.1 °C"
            },
            "pain_level": "Low"
        },
        {
            "timestamp": "2025-03-14 17:31:00",
            "vital_signs": {
                "heart_rate": "187 bpm",
                "respiratory_rate": "76 breaths/min",
                "body_temperature": "36.8 °C",
                "HR_Delta": "15.5 Δ",
                "RespRate_Delta": "38 Δ breaths/min",
                "Temp_Delta": "0.2 °C"
            },
            "pain_level": "Low"
        },
        {
            "timestamp": "2025-03-14 17:36:00",
            "vital_signs": {
                "heart_rate": "181 bpm",
                "respiratory_rate": "94 breaths/min",
                "body_temperature": "36.9 °C",
                "HR_Delta": "5.9 Δ",
                "RespRate_Delta": "19 Δ breaths/min",
                "Temp_Delta": "0.1 °C"
            },
            "pain_level": "Low"
        },
        {
            "timestamp": "2025-03-14 17:41:00",
            "vital_signs": {
                "heart_rate": "187 bpm",
                "respiratory_rate": "73 breaths/min",
                "body_temperature": "37.1 °C",
                "HR_Delta": "5.9 Δ",
                "RespRate_Delta": "21 Δ breaths/min",
                "Temp_Delta": "0.2 °C"
            },
            "pain_level": "Low"
        },
        {
            "timestamp": "2025-03-14 17:46:00",
            "vital_signs": {
                "heart_rate": "195 bpm",
                "respiratory_rate": "71 breaths/min",
                "body_temperature": "37.3 °C",
                "HR_Delta": "7.3 Δ",
                "RespRate_Delta": "2 Δ breaths/min",
                "Temp_Delta": "0.2 °C"
            },
            "pain_level": "Low"
        },
        {
            "timestamp": "2025-03-14 17:51:00",
            "vital_signs": {
                "heart_rate": "195 bpm",
                "respiratory_rate": "68 breaths/min",
                "body_temperature": "36.9 °C",
                "HR_Delta": "0.5 Δ",
                "RespRate_Delta": "3 Δ breaths/min",
                "Temp_Delta": "0.4 °C"
            },
            "pain_level": "Low",
            "intervention": [
                {
                    "type": "position change",
                    "detail": "prone"
                }
            ]
        },
        {
            "timestamp": "2025-03-14 17:56:00",
            "vital_signs": {
                "heart_rate": "187 bpm",
                "respiratory_rate": "74 breaths/min",
                "body_temperature": "37.1 °C",
                "HR_Delta": "8.2 Δ",
                "RespRate_Delta": "6 Δ breaths/min",
                "Temp_Delta": "0.2 °C"
            },
            "pain_level": "Low"
        },
        {
            "timestamp": "2025-03-14 18:01:00",
            "vital_signs": {
                "heart_rate": "180 bpm",
                "respiratory_rate": "41 breaths/min",
                "body_temperature": "36.8 °C",
                "HR_Delta": "7.4 Δ",
                "RespRate_Delta": "33 Δ breaths/min",
                "Temp_Delta": "0.3 °C"
            },
            "pain_level": "Low"
        },
        {
            "timestamp": "2025-03-14 18:06:00",
            "vital_signs": {
                "heart_rate": "187 bpm",
                "respiratory_rate": "71 breaths/min",
                "body_temperature": "36.6 °C",
                "HR_Delta": "7.6 Δ",
                "RespRate_Delta": "29 Δ breaths/min",
                "Temp_Delta": "0.2 °C"
            },
            "pain_level": "Low"
        },
        {
            "timestamp": "2025-03-14 18:11:00",
            "vital_signs": {
                "heart_rate": "173 bpm",
                "respiratory_rate": "65 breaths/min",
                "body_temperature": "36.8 °C",
                "HR_Delta": "14.3 Δ",
                "RespRate_Delta": "5 Δ breaths/min",
                "Temp_Delta": "0.2 °C"
            },
            "pain_level": "Low"
        },
        {
            "timestamp": "2025-03-14 18:16:00",
            "vital_signs": {
                "heart_rate": "188 bpm",
                "respiratory_rate": "39 breaths/min",
                "body_temperature": "37.0 °C",
                "HR_Delta": "15.4 Δ",
                "RespRate_Delta": "26 Δ breaths/min",
                "Temp_Delta": "0.2 °C"
            },
            "pain_level": "Low"
        },
        {
            "timestamp": "2025-03-14 18:21:00",
            "vital_signs": {
                "heart_rate": "194 bpm",
                "respiratory_rate": "71 breaths/min",
                "body_temperature": "36.5 °C",
                "HR_Delta": "5.9 Δ",
                "RespRate_Delta": "32 Δ breaths/min",
                "Temp_Delta": "0.5 °C"
            },
            "pain_level": "Low"
        },
        {
            "timestamp": "2025-03-14 18:26:00",
            "vital_signs": {
                "heart_rate": "178 bpm",
                "respiratory_rate": "89 breaths/min",
                "body_temperature": "37.3 °C",
                "HR_Delta": "16.0 Δ",
                "RespRate_Delta": "18 Δ breaths/min",
                "Temp_Delta": "0.8 °C"
            },
            "pain_level": "Low"
        },
        {
            "timestamp": "2025-03-14 18:31:00",
            "vital_signs": {
                "heart_rate": "189 bpm",
                "respiratory_rate": "90 breaths/min",
                "body_temperature": "37.0 °C",
                "HR_Delta": "10.9 Δ",
                "RespRate_Delta": "1 Δ breaths/min",
                "Temp_Delta": "0.3 °C"
            },
            "pain_level": "Low"
        },
        {
            "timestamp": "2025-03-14 18:36:00",
            "vital_signs": {
                "heart_rate": "182 bpm",
                "respiratory_rate": "95 breaths/min",
                "body_temperature": "36.7 °C",
                "HR_Delta": "7.6 Δ",
                "RespRate_Delta": "5 Δ breaths/min",
                "Temp_Delta": "0.3 °C"
            },
            "pain_level": "Low"
        },
        {
            "timestamp": "2025-03-14 18:41:00",
            "vital_signs": {
                "heart_rate": "187 bpm",
                "respiratory_rate": "70 breaths/min",
                "body_temperature": "37.2 °C",
                "HR_Delta": "5.6 Δ",
                "RespRate_Delta": "25 Δ breaths/min",
                "Temp_Delta": "0.5 °C"
            },
            "pain_level": "Low"
        },
        {
            "timestamp": "2025-03-14 18:46:00",
            "vital_signs": {
                "heart_rate": "181 bpm",
                "respiratory_rate": "67 breaths/min",
                "body_temperature": "37.0 °C",
                "HR_Delta": "5.8 Δ",
                "RespRate_Delta": "2 Δ breaths/min",
                "Temp_Delta": "0.2 °C"
            },
            "pain_level": "Low",
            "intervention": [
                {
                    "type": "position change",
                    "detail": "supine"
                }
            ]
        },
        {
            "timestamp": "2025-03-14 18:51:00",
            "vital_signs": {
                "heart_rate": "184 bpm",
                "respiratory_rate": "64 breaths/min",
                "body_temperature": "37.3 °C",
                "HR_Delta": "3.0 Δ",
                "RespRate_Delta": "3 Δ breaths/min",
                "Temp_Delta": "0.3 °C"
            },
            "pain_level": "Low"
        },
        {
            "timestamp": "2025-03-14 18:56:00",
            "vital_signs": {
                "heart_rate": "193 bpm",
                "respiratory_rate": "92 breaths/min",
                "body_temperature": "37.3 °C",
                "HR_Delta": "8.6 Δ",
                "RespRate_Delta": "28 Δ breaths/min",
                "Temp_Delta": "0.0 °C"
            },
            "pain_level": "Low"
        },
        {
            "timestamp": "2025-03-14 19:01:00",
            "vital_signs": {
                "heart_rate": "186 bpm",
                "respiratory_rate": "71 breaths/min",
                "body_temperature": "36.7 °C",
                "HR_Delta": "7.0 Δ",
                "RespRate_Delta": "21 Δ breaths/min",
                "Temp_Delta": "0.6 °C"
            },
            "pain_level": "Low"
        },
        {
            "timestamp": "2025-03-14 19:06:00",
            "vital_signs": {
                "heart_rate": "192 bpm",
                "respiratory_rate": "66 breaths/min",
                "body_temperature": "36.8 °C",
                "HR_Delta": "5.9 Δ",
                "RespRate_Delta": "6 Δ breaths/min",
                "Temp_Delta": "0.1 °C"
            },
            "pain_level": "Low"
        },
        {
            "timestamp": "2025-03-14 19:11:00",
            "vital_signs": {
                "heart_rate": "190 bpm",
                "respiratory_rate": "75 breaths/min",
                "body_temperature": "37.0 °C",
                "HR_Delta": "1.5 Δ",
                "RespRate_Delta": "9 Δ breaths/min",
                "Temp_Delta": "0.2 °C"
            },
            "pain_level": "Low",
            "intervention": [
                {
                    "type": "oxygen administration",
                    "detail": "adjust FiO2"
                }
            ]
        },
        {
            "timestamp": "2025-03-14 19:16:00",
            "vital_signs": {
                "heart_rate": "179 bpm",
                "respiratory_rate": "50 breaths/min",
                "body_temperature": "36.5 °C",
                "HR_Delta": "11.1 Δ",
                "RespRate_Delta": "25 Δ breaths/min",
                "Temp_Delta": "0.5 °C"
            },
            "pain_level": "Low"
        },
        {
            "timestamp": "2025-03-14 19:21:00",
            "vital_signs": {
                "heart_rate": "175 bpm",
                "respiratory_rate": "61 breaths/min",
                "body_temperature": "37.3 °C",
                "HR_Delta": "4.7 Δ",
                "RespRate_Delta": "11 Δ breaths/min",
                "Temp_Delta": "0.8 °C"
            },
            "pain_level": "Low"
        },
        {
            "timestamp": "2025-03-14 19:26:00",
            "vital_signs": {
                "heart_rate": "179 bpm",
                "respiratory_rate": "40 breaths/min",
                "body_temperature": "36.8 °C",
                "HR_Delta": "4.4 Δ",
                "RespRate_Delta": "21 Δ breaths/min",
                "Temp_Delta": "0.5 °C"
            },
            "pain_level": "Low"
        },
        {
            "timestamp": "2025-03-14 19:31:00",
            "vital_signs": {
                "heart_rate": "180 bpm",
                "respiratory_rate": "69 breaths/min",
                "body_temperature": "36.8 °C",
                "HR_Delta": "0.8 Δ",
                "RespRate_Delta": "30 Δ breaths/min",
                "Temp_Delta": "0.0 °C"
            },
            "pain_level": "Low"
        },
        {
            "timestamp": "2025-03-14 19:36:00",
            "vital_signs": {
                "heart_rate": "186 bpm",
                "respiratory_rate": "39 breaths/min",
                "body_temperature": "37.2 °C",
                "HR_Delta": "5.9 Δ",
                "RespRate_Delta": "30 Δ breaths/min",
                "Temp_Delta": "0.4 °C"
            },
            "pain_level": "Low",
            "intervention": [
                {
                    "type": "family visitation",
                    "detail": null
                }
            ]
        },
        {
            "timestamp": "2025-03-14 19:41:00",
            "vital_signs": {
                "heart_rate": "180 bpm",
                "respiratory_rate": "55 breaths/min",
                "body_temperature": "37.0 °C",
                "HR_Delta": "5.4 Δ",
                "RespRate_Delta": "15 Δ breaths/min",
                "Temp_Delta": "0.2 °C"
            },
            "pain_level": "Low"
        },
        {
            "timestamp": "2025-03-14 19:46:00",
            "vital_signs": {
                "heart_rate": "187 bpm",
                "respiratory_rate": "38 breaths/min",
                "body_temperature": "37.1 °C",
                "HR_Delta": "6.6 Δ",
                "RespRate_Delta": "16 Δ breaths/min",
                "Temp_Delta": "0.1 °C"
            },
            "pain_level": "Low"
        },
        {
            "timestamp": "2025-03-14 19:51:00",
            "vital_signs": {
                "heart_rate": "192 bpm",
                "respiratory_rate": "57 breaths/min",
                "body_temperature": "36.5 °C",
                "HR_Delta": "4.9 Δ",
                "RespRate_Delta": "19 Δ breaths/min",
                "Temp_Delta": "0.6 °C"
            },
            "pain_level": "Low",
            "intervention": [
                {
                    "type": "diaper change",
                    "detail": "Scheduled diaper change"
                }
            ]
        },
        {
            "timestamp": "2025-03-14 19:56:00",
            "vital_signs": {
                "heart_rate": "192 bpm",
                "respiratory_rate": "38 breaths/min",
                "body_temperature": "36.5 °C",
                "HR_Delta": "0.2 Δ",
                "RespRate_Delta": "18 Δ breaths/min",
                "Temp_Delta": "0.0 °C"
            },
            "pain_level": "Low"
        },
        {
            "timestamp": "2025-03-14 20:01:00",
            "vital_signs": {
                "heart_rate": "191 bpm",
                "respiratory_rate": "66 breaths/min",
                "body_temperature": "37.4 °C",
                "HR_Delta": "0.8 Δ",
                "RespRate_Delta": "28 Δ breaths/min",
                "Temp_Delta": "0.9 °C"
            },
            "pain_level": "Low"
        },
        {
            "timestamp": "2025-03-14 20:06:00",
            "vital_signs": {
                "heart_rate": "183 bpm",
                "respiratory_rate": "40 breaths/min",
                "body_temperature": "36.7 °C",
                "HR_Delta": "8.3 Δ",
                "RespRate_Delta": "26 Δ breaths/min",
                "Temp_Delta": "0.7 °C"
            },
            "pain_level": "Low"
        },
        {
            "timestamp": "2025-03-14 20:11:00",
            "vital_signs": {
                "heart_rate": "193 bpm",
                "respiratory_rate": "31 breaths/min",
                "body_temperature": "37.3 °C",
                "HR_Delta": "10.0 Δ",
                "RespRate_Delta": "9 Δ breaths/min",
                "Temp_Delta": "0.6 °C"
            },
            "pain_level": "Low"
        },
        {
            "timestamp": "2025-03-14 20:16:00",
            "vital_signs": {
                "heart_rate": "173 bpm",
                "respiratory_rate": "35 breaths/min",
                "body_temperature": "36.7 °C",
                "HR_Delta": "19.4 Δ",
                "RespRate_Delta": "4 Δ breaths/min",
                "Temp_Delta": "0.6 °C"
            },
            "pain_level": "Low"
        },
        {
            "timestamp": "2025-03-14 20:21:00",
            "vital_signs": {
                "heart_rate": "192 bpm",
                "respiratory_rate": "69 breaths/min",
                "body_temperature": "36.6 °C",
                "HR_Delta": "19.0 Δ",
                "RespRate_Delta": "35 Δ breaths/min",
                "Temp_Delta": "0.1 °C"
            },
            "pain_level": "Low"
        },
        {
            "timestamp": "2025-03-14 20:26:00",
            "vital_signs": {
                "heart_rate": "191 bpm",
                "respiratory_rate": "74 breaths/min",
                "body_temperature": "37.1 °C",
                "HR_Delta": "1.5 Δ",
                "RespRate_Delta": "5 Δ breaths/min",
                "Temp_Delta": "0.5 °C"
            },
            "pain_level": "Low"
        },
        {
            "timestamp": "2025-03-14 20:31:00",
            "vital_signs": {
                "heart_rate": "192 bpm",
                "respiratory_rate": "50 breaths/min",
                "body_temperature": "37.2 °C",
                "HR_Delta": "0.8 Δ",
                "RespRate_Delta": "24 Δ breaths/min",
                "Temp_Delta": "0.1 °C"
            },
            "pain_level": "Low"
        },
        {
            "timestamp": "2025-03-14 20:36:00",
            "vital_signs": {
                "heart_rate": "193 bpm",
                "respiratory_rate": "82 breaths/min",
                "body_temperature": "37.0 °C",
                "HR_Delta": "1.2 Δ",
                "RespRate_Delta": "32 Δ breaths/min",
                "Temp_Delta": "0.2 °C"
            },
            "pain_level": "Low"
        },
        {
            "timestamp": "2025-03-14 20:41:00",
            "vital_signs": {
                "heart_rate": "183 bpm",
                "respiratory_rate": "96 breaths/min",
                "body_temperature": "37.3 °C",
                "HR_Delta": "9.5 Δ",
                "RespRate_Delta": "14 Δ breaths/min",
                "Temp_Delta": "0.3 °C"
            },
            "pain_level": "Low"
        },
        {
            "timestamp": "2025-03-14 20:46:00",
            "vital_signs": {
                "heart_rate": "186 bpm",
                "respiratory_rate": "84 breaths/min",
                "body_temperature": "37.3 °C",
                "HR_Delta": "2.5 Δ",
                "RespRate_Delta": "12 Δ breaths/min",
                "Temp_Delta": "0.0 °C"
            },
            "pain_level": "Low"
        },
        {
            "timestamp": "2025-03-14 20:51:00",
            "vital_signs": {
                "heart_rate": "172 bpm",
                "respiratory_rate": "67 breaths/min",
                "body_temperature": "37.3 °C",
                "HR_Delta": "13.5 Δ",
                "RespRate_Delta": "17 Δ breaths/min",
                "Temp_Delta": "0.0 °C"
            },
            "pain_level": "Low"
        },
        {
            "timestamp": "2025-03-14 20:56:00",
            "vital_signs": {
                "heart_rate": "180 bpm",
                "respiratory_rate": "54 breaths/min",
                "body_temperature": "37.1 °C",
                "HR_Delta": "8.2 Δ",
                "RespRate_Delta": "13 Δ breaths/min",
                "Temp_Delta": "0.2 °C"
            },
            "pain_level": "Low"
        },
        {
            "timestamp": "2025-03-14 21:01:00",
            "vital_signs": {
                "heart_rate": "177 bpm",
                "respiratory_rate": "70 breaths/min",
                "body_temperature": "36.7 °C",
                "HR_Delta": "3.2 Δ",
                "RespRate_Delta": "16 Δ breaths/min",
                "Temp_Delta": "0.4 °C"
            },
            "pain_level": "Low"
        },
        {
            "timestamp": "2025-03-14 21:06:00",
            "vital_signs": {
                "heart_rate": "190 bpm",
                "respiratory_rate": "86 breaths/min",
                "body_temperature": "37.3 °C",
                "HR_Delta": "12.3 Δ",
                "RespRate_Delta": "16 Δ breaths/min",
                "Temp_Delta": "0.6 °C"
            },
            "pain_level": "Low"
        },
        {
            "timestamp": "2025-03-14 21:11:00",
            "vital_signs": {
                "heart_rate": "184 bpm",
                "respiratory_rate": "83 breaths/min",
                "body_temperature": "36.6 °C",
                "HR_Delta": "5.6 Δ",
                "RespRate_Delta": "3 Δ breaths/min",
                "Temp_Delta": "0.7 °C"
            },
            "pain_level": "Low"
        },
        {
            "timestamp": "2025-03-14 21:16:00",
            "vital_signs": {
                "heart_rate": "187 bpm",
                "respiratory_rate": "63 breaths/min",
                "body_temperature": "37.1 °C",
                "HR_Delta": "2.6 Δ",
                "RespRate_Delta": "20 Δ breaths/min",
                "Temp_Delta": "0.5 °C"
            },
            "pain_level": "Low"
        },
        {
            "timestamp": "2025-03-14 21:21:00",
            "vital_signs": {
                "heart_rate": "191 bpm",
                "respiratory_rate": "39 breaths/min",
                "body_temperature": "36.6 °C",
                "HR_Delta": "4.7 Δ",
                "RespRate_Delta": "24 Δ breaths/min",
                "Temp_Delta": "0.5 °C"
            },
            "pain_level": "Low"
        },
        {
            "timestamp": "2025-03-14 21:26:00",
            "vital_signs": {
                "heart_rate": "193 bpm",
                "respiratory_rate": "36 breaths/min",
                "body_temperature": "36.6 °C",
                "HR_Delta": "1.5 Δ",
                "RespRate_Delta": "3 Δ breaths/min",
                "Temp_Delta": "0.0 °C"
            },
            "pain_level": "Low"
        },
        {
            "timestamp": "2025-03-14 21:31:00",
            "vital_signs": {
                "heart_rate": "174 bpm",
                "respiratory_rate": "68 breaths/min",
                "body_temperature": "36.7 °C",
                "HR_Delta": "19.3 Δ",
                "RespRate_Delta": "32 Δ breaths/min",
                "Temp_Delta": "0.1 °C"
            },
            "pain_level": "Low"
        },
        {
            "timestamp": "2025-03-14 21:36:00",
            "vital_signs": {
                "heart_rate": "189 bpm",
                "respiratory_rate": "76 breaths/min",
                "body_temperature": "37.1 °C",
                "HR_Delta": "15.7 Δ",
                "RespRate_Delta": "8 Δ breaths/min",
                "Temp_Delta": "0.4 °C"
            },
            "pain_level": "Low",
            "intervention": [
                {
                    "type": "position change",
                    "detail": "right lateral"
                }
            ]
        },
        {
            "timestamp": "2025-03-14 21:41:00",
            "vital_signs": {
                "heart_rate": "184 bpm",
                "respiratory_rate": "36 breaths/min",
                "body_temperature": "36.9 °C",
                "HR_Delta": "5.6 Δ",
                "RespRate_Delta": "40 Δ breaths/min",
                "Temp_Delta": "0.2 °C"
            },
            "pain_level": "Low"
        },
        {
            "timestamp": "2025-03-14 21:46:00",
            "vital_signs": {
                "heart_rate": "185 bpm",
                "respiratory_rate": "31 breaths/min",
                "body_temperature": "36.7 °C",
                "HR_Delta": "1.2 Δ",
                "RespRate_Delta": "5 Δ breaths/min",
                "Temp_Delta": "0.2 °C"
            },
            "pain_level": "Low"
        }
    ]
}