{
    "patient_id": "Jane Doe",
    "Sex": "F",
    "Age": "Age: 24 Days",
    "Weight": "3.8 kg",
    "Conditions": [
        "Tachycardia"
    ],
    "data": [
        {
            "timestamp": "2025-03-14 22:30:00",
            "vital_signs": {
                "heart_rate": "177 bpm",
                "respiratory_rate": "88 breaths/min",
                "body_temperature": "36.9 °C",
                "HR_Delta": null,
                "RespRate_Delta": null,
                "Temp_Delta": null
            },
            "pain_level": "Low",
            "intervention": [
                {
                    "type": "diaper change",
                    "detail": "Scheduled diaper change"
                },
                {
                    "type": "position change",
                    "detail": "supine"
                }
            ]
        },
        {
            "timestamp": "2025-03-14 22:35:00",
            "vital_signs": {
                "heart_rate": "189 bpm",
                "respiratory_rate": "90 breaths/min",
                "body_temperature": "36.8 °C",
                "HR_Delta": "11.3 Δ",
                "RespRate_Delta": "3 Δ breaths/min",
                "Temp_Delta": "0.1 °C"
            },
            "pain_level": "Low",
            "intervention": [
                {
                    "type": "position change",
                    "detail": "prone"
                }
            ]
        },
        {
            "timestamp": "2025-03-14 22:40:00",
            "vital_signs": {
                "heart_rate": "191 bpm",
                "respiratory_rate": "94 breaths/min",
                "body_temperature": "37.3 °C",
                "HR_Delta": "2.2 Δ",
                "RespRate_Delta": "3 Δ breaths/min",
                "Temp_Delta": "0.5 °C"
            },
            "pain_level": "Low",
            "intervention": [
                {
                    "type": "oxygen administration",
                    "detail": "increase flow"
                }
            ]
        },
        {
            "timestamp": "2025-03-14 22:45:00",
            "vital_signs": {
                "heart_rate": "184 bpm",
                "respiratory_rate": "74 breaths/min",
                "body_temperature": "37.3 °C",
                "HR_Delta": "6.4 Δ",
                "RespRate_Delta": "19 Δ breaths/min",
                "Temp_Delta": "0.0 °C"
            },
            "pain_level": "Low"
        },
        {
            "timestamp": "2025-03-14 22:50:00",
            "vital_signs": {
                "heart_rate": "181 bpm",
                "respiratory_rate": "84 breaths/min",
                "body_temperature": "36.7 °C",
                "HR_Delta": "2.9 Δ",
                "RespRate_Delta": "10 Δ breaths/min",
                "Temp_Delta": "0.6 °C"
            },
            "pain_level": "Low"
        },
        {
            "timestamp": "2025-03-14 22:55:00",
            "vital_signs": {
                "heart_rate": "193 bpm",
                "respiratory_rate": "75 breaths/min",
                "body_temperature": "36.6 °C",
                "HR_Delta": "11.4 Δ",
                "RespRate_Delta": "10 Δ breaths/min",
                "Temp_Delta": "0.1 °C"
            },
            "pain_level": "Low",
            "intervention": [
                {
                    "type": "diaper change",
                    "detail": null
                }
            ]
        },
        {
            "timestamp": "2025-03-14 23:00:00",
            "vital_signs": {
                "heart_rate": "184 bpm",
                "respiratory_rate": "86 breaths/min",
                "body_temperature": "37.3 °C",
                "HR_Delta": "8.3 Δ",
                "RespRate_Delta": "11 Δ breaths/min",
                "Temp_Delta": "0.7 °C"
            },
            "pain_level": "Low"
        },
        {
            "timestamp": "2025-03-14 23:05:00",
            "vital_signs": {
                "heart_rate": "183 bpm",
                "respiratory_rate": "89 breaths/min",
                "body_temperature": "37.2 °C",
                "HR_Delta": "1.2 Δ",
                "RespRate_Delta": "3 Δ breaths/min",
                "Temp_Delta": "0.1 °C"
            },
            "pain_level": "Low"
        },
        {
            "timestamp": "2025-03-14 23:10:00",
            "vital_signs": {
                "heart_rate": "176 bpm",
                "respiratory_rate": "79 breaths/min",
                "body_temperature": "36.9 °C",
                "HR_Delta": "6.7 Δ",
                "RespRate_Delta": "11 Δ breaths/min",
                "Temp_Delta": "0.3 °C"
            },
            "pain_level": "Low"
        },
        {
            "timestamp": "2025-03-14 23:15:00",
            "vital_signs": {
                "heart_rate": "190 bpm",
                "respiratory_rate": "83 breaths/min",
                "body_temperature": "36.9 °C",
                "HR_Delta": "13.7 Δ",
                "RespRate_Delta": "5 Δ breaths/min",
                "Temp_Delta": "0.0 °C"
            },
            "pain_level": "Low"
        },
        {
            "timestamp": "2025-03-14 23:20:00",
            "vital_signs": {
                "heart_rate": "184 bpm",
                "respiratory_rate": "76 breaths/min",
                "body_temperature": "37.4 °C",
                "HR_Delta": "6.4 Δ",
                "RespRate_Delta": "7 Δ breaths/min",
                "Temp_Delta": "0.5 °C"
            },
            "pain_level": "Low"
        },
        {
            "timestamp": "2025-03-14 23:25:00",
            "vital_signs": {
                "heart_rate": "178 bpm",
                "respiratory_rate": "79 breaths/min",
                "body_temperature": "36.7 °C",
                "HR_Delta": "5.3 Δ",
                "RespRate_Delta": "3 Δ breaths/min",
                "Temp_Delta": "0.7 °C"
            },
            "pain_level": "Low"
        },
        {
            "timestamp": "2025-03-14 23:30:00",
            "vital_signs": {
                "heart_rate": "169 bpm",
                "respiratory_rate": "81 breaths/min",
                "body_temperature": "37.2 °C",
                "HR_Delta": "9.0 Δ",
                "RespRate_Delta": "2 Δ breaths/min",
                "Temp_Delta": "0.5 °C"
            },
            "pain_level": "Low"
        },
        {
            "timestamp": "2025-03-14 23:35:00",
            "vital_signs": {
                "heart_rate": "187 bpm",
                "respiratory_rate": "67 breaths/min",
                "body_temperature": "37.1 °C",
                "HR_Delta": "17.8 Δ",
                "RespRate_Delta": "14 Δ breaths/min",
                "Temp_Delta": "0.1 °C"
            },
            "pain_level": "Low"
        },
        {
            "timestamp": "2025-03-14 23:40:00",
            "vital_signs": {
                "heart_rate": "186 bpm",
                "respiratory_rate": "80 breaths/min",
                "body_temperature": "36.6 °C",
                "HR_Delta": "1.1 Δ",
                "RespRate_Delta": "12 Δ breaths/min",
                "Temp_Delta": "0.5 °C"
            },
            "pain_level": "Low"
        },
        {
            "timestamp": "2025-03-14 23:45:00",
            "vital_signs": {
                "heart_rate": "190 bpm",
                "respiratory_rate": "66 breaths/min",
                "body_temperature": "36.6 °C",
                "HR_Delta": "4.1 Δ",
                "RespRate_Delta": "13 Δ breaths/min",
                "Temp_Delta": "0.0 °C"
            },
            "pain_level": "Low"
        },
        {
            "timestamp": "2025-03-14 23:50:00",
            "vital_signs": {
                "heart_rate": "191 bpm",
                "respiratory_rate": "34 breaths/min",
                "body_temperature": "36.9 °C",
                "HR_Delta": "0.7 Δ",
                "RespRate_Delta": "32 Δ breaths/min",
                "Temp_Delta": "0.3 °C"
            },
            "pain_level": "Low"
        },
        {
            "timestamp": "2025-03-14 23:55:00",
            "vital_signs": {
                "heart_rate": "183 bpm",
                "respiratory_rate": "34 breaths/min",
                "body_temperature": "36.8 °C",
                "HR_Delta": "7.9 Δ",
                "RespRate_Delta": "1 Δ breaths/min",
                "Temp_Delta": "0.1 °C"
            },
            "pain_level": "Low"
        },
        {
            "timestamp": "2025-03-15 00:00:00",
            "vital_signs": {
                "heart_rate": "190 bpm",
                "respiratory_rate": "54 breaths/min",
                "body_temperature": "37.0 °C",
                "HR_Delta": "6.5 Δ",
                "RespRate_Delta": "20 Δ breaths/min",
                "Temp_Delta": "0.2 °C"
            },
            "pain_level": "Low"
        },
        {
            "timestamp": "2025-03-15 00:05:00",
            "vital_signs": {
                "heart_rate": "188 bpm",
                "respiratory_rate": "40 breaths/min",
                "body_temperature": "37.3 °C",
                "HR_Delta": "1.9 Δ",
                "RespRate_Delta": "14 Δ breaths/min",
                "Temp_Delta": "0.3 °C"
            },
            "pain_level": "Low"
        },
        {
            "timestamp": "2025-03-15 00:10:00",
            "vital_signs": {
                "heart_rate": "173 bpm",
                "respiratory_rate": "33 breaths/min",
                "body_temperature": "36.9 °C",
                "HR_Delta": "14.1 Δ",
                "RespRate_Delta": "7 Δ breaths/min",
                "Temp_Delta": "0.4 °C"
            },
            "pain_level": "Low"
        },
        {
            "timestamp": "2025-03-15 00:15:00",
            "vital_signs": {
                "heart_rate": "186 bpm",
                "respiratory_rate": "47 breaths/min",
                "body_temperature": "37.2 °C",
                "HR_Delta": "12.7 Δ",
                "RespRate_Delta": "14 Δ breaths/min",
                "Temp_Delta": "0.3 °C"
            },
            "pain_level": "Low"
        },
        {
            "timestamp": "2025-03-15 00:20:00",
            "vital_signs": {
                "heart_rate": "193 bpm",
                "respiratory_rate": "70 breaths/min",
                "body_temperature": "37.1 °C",
                "HR_Delta": "6.8 Δ",
                "RespRate_Delta": "23 Δ breaths/min",
                "Temp_Delta": "0.1 °C"
            },
            "pain_level": "Low"
        },
        {
            "timestamp": "2025-03-15 00:25:00",
            "vital_signs": {
                "heart_rate": "187 bpm",
                "respiratory_rate": "67 breaths/min",
                "body_temperature": "37.3 °C",
                "HR_Delta": "6.1 Δ",
                "RespRate_Delta": "3 Δ breaths/min",
                "Temp_Delta": "0.2 °C"
            },
            "pain_level": "Low"
        },
        {
            "timestamp": "2025-03-15 00:30:00",
            "vital_signs": {
                "heart_rate": "189 bpm",
                "respiratory_rate": "87 breaths/min",
                "body_temperature": "37.4 °C",
                "HR_Delta": "2.4 Δ",
                "RespRate_Delta": "20 Δ breaths/min",
                "Temp_Delta": "0.1 °C"
            },
            "pain_level": "Low"
        },
        {
            "timestamp": "2025-03-15 00:35:00",
            "vital_signs": {
                "heart_rate": "194 bpm",
                "respiratory_rate": "42 breaths/min",
                "body_temperature": "37.1 °C",
                "HR_Delta": "4.6 Δ",
                "RespRate_Delta": "45 Δ breaths/min",
                "Temp_Delta": "0.3 °C"
            },
            "pain_level": "Low"
        },
        {
            "timestamp": "2025-03-15 00:40:00",
            "vital_signs": {
                "heart_rate": "183 bpm",
                "respiratory_rate": "62 breaths/min",
                "body_temperature": "37.1 °C",
                "HR_Delta": "10.5 Δ",
                "RespRate_Delta": "20 Δ breaths/min",
                "Temp_Delta": "0.0 °C"
            },
            "pain_level": "Low",
            "intervention": [
                {
                    "type": "position change",
                    "detail": "right lateral"
                }
            ]
        },
        {
            "timestamp": "2025-03-15 00:45:00",
            "vital_signs": {
                "heart_rate": "180 bpm",
                "respiratory_rate": "82 breaths/min",
                "body_temperature": "36.5 °C",
                "HR_Delta": "2.9 Δ",
                "RespRate_Delta": "21 Δ breaths/min",
                "Temp_Delta": "0.6 °C"
            },
            "pain_level": "Low"
        },
        {
            "timestamp": "2025-03-15 00:50:00",
            "vital_signs": {
                "heart_rate": "189 bpm",
                "respiratory_rate": "57 breaths/min",
                "body_temperature": "36.5 °C",
                "HR_Delta": "8.7 Δ",
                "RespRate_Delta": "25 Δ breaths/min",
                "Temp_Delta": "0.0 °C"
            },
            "pain_level": "Low"
        },
        {
            "timestamp": "2025-03-15 00:55:00",
            "vital_signs": {
                "heart_rate": "184 bpm",
                "respiratory_rate": "44 breaths/min",
                "body_temperature": "36.7 °C",
                "HR_Delta": "5.5 Δ",
                "RespRate_Delta": "13 Δ breaths/min",
                "Temp_Delta": "0.2 °C"
            },
            "pain_level": "Low"
        },
        {
            "timestamp": "2025-03-15 01:00:00",
            "vital_signs": {
                "heart_rate": "174 bpm",
                "respiratory_rate": "70 breaths/min",
                "body_temperature": "36.7 °C",
                "HR_Delta": "10.1 Δ",
                "RespRate_Delta": "26 Δ breaths/min",
                "Temp_Delta": "0.0 °C"
            },
            "pain_level": "Low"
        },
        {
            "timestamp": "2025-03-15 01:05:00",
            "vital_signs": {
                "heart_rate": "184 bpm",
                "respiratory_rate": "93 breaths/min",
                "body_temperature": "36.6 °C",
                "HR_Delta": "10.5 Δ",
                "RespRate_Delta": "23 Δ breaths/min",
                "Temp_Delta": "0.1 °C"
            },
            "pain_level": "Low"
        },
        {
            "timestamp": "2025-03-15 01:10:00",
            "vital_signs": {
                "heart_rate": "182 bpm",
                "respiratory_rate": "78 breaths/min",
                "body_temperature": "36.9 °C",
                "HR_Delta": "1.8 Δ",
                "RespRate_Delta": "16 Δ breaths/min",
                "Temp_Delta": "0.3 °C"
            },
            "pain_level": "Low"
        },
        {
            "timestamp": "2025-03-15 01:15:00",
            "vital_signs": {
                "heart_rate": "194 bpm",
                "respiratory_rate": "90 breaths/min",
                "body_temperature": "37.2 °C",
                "HR_Delta": "11.5 Δ",
                "RespRate_Delta": "12 Δ breaths/min",
                "Temp_Delta": "0.3 °C"
            },
            "pain_level": "Low"
        },
        {
            "timestamp": "2025-03-15 01:20:00",
            "vital_signs": {
                "heart_rate": "177 bpm",
                "respiratory_rate": "79 breaths/min",
                "body_temperature": "37.1 °C",
                "HR_Delta": "16.6 Δ",
                "RespRate_Delta": "11 Δ breaths/min",
                "Temp_Delta": "0.1 °C"
            },
            "pain_level": "Low",
            "intervention": [
                {
                    "type": "position change",
                    "detail": "left lateral"
                }
            ]
        },
        {
            "timestamp": "2025-03-15 01:25:00",
            "vital_signs": {
                "heart_rate": "181 bpm",
                "respiratory_rate": "41 breaths/min",
                "body_temperature": "36.8 °C",
                "HR_Delta": "4.3 Δ",
                "RespRate_Delta": "38 Δ breaths/min",
                "Temp_Delta": "0.3 °C"
            },
            "pain_level": "Low"
        },
        {
            "timestamp": "2025-03-15 01:30:00",
            "vital_signs": {
                "heart_rate": "179 bpm",
                "respiratory_rate": "61 breaths/min",
                "body_temperature": "36.5 °C",
                "HR_Delta": "2.4 Δ",
                "RespRate_Delta": "20 Δ breaths/min",
                "Temp_Delta": "0.3 °C"
            },
            "pain_level": "Low",
            "intervention": [
                {
                    "type": "diaper change",
                    "detail": "Scheduled diaper change"
                }
            ]
        },
        {
            "timestamp": "2025-03-15 01:35:00",
            "vital_signs": {
                "heart_rate": "187 bpm",
                "respiratory_rate": "75 breaths/min",
                "body_temperature": "36.7 °C",
                "HR_Delta": "7.9 Δ",
                "RespRate_Delta": "13 Δ breaths/min",
                "Temp_Delta": "0.2 °C"
            },
            "pain_level": "Low"
        },
        {
            "timestamp": "2025-03-15 01:40:00",
            "vital_signs": {
                "heart_rate": "180 bpm",
                "respiratory_rate": "78 breaths/min",
                "body_temperature": "36.8 °C",
                "HR_Delta": "6.6 Δ",
                "RespRate_Delta": "4 Δ breaths/min",
                "Temp_Delta": "0.1 °C"
            },
            "pain_level": "Low"
        },
        {
            "timestamp": "2025-03-15 01:45:00",
            "vital_signs": {
                "heart_rate": "191 bpm",
                "respiratory_rate": "85 breaths/min",
                "body_temperature": "36.9 °C",
                "HR_Delta": "11.0 Δ",
                "RespRate_Delta": "7 Δ breaths/min",
                "Temp_Delta": "0.1 °C"
            },
            "pain_level": "Low"
        },
        {
            "timestamp": "2025-03-15 01:50:00",
            "vital_signs": {
                "heart_rate": "173 bpm",
                "respiratory_rate": "91 breaths/min",
                "body_temperature": "37.1 °C",
                "HR_Delta": "18.0 Δ",
                "RespRate_Delta": "5 Δ breaths/min",
                "Temp_Delta": "0.2 °C"
            },
            "pain_level": "Low"
        },
        {
            "timestamp": "2025-03-15 01:55:00",
            "vital_signs": {
                "heart_rate": "182 bpm",
                "respiratory_rate": "43 breaths/min",
                "body_temperature": "36.5 °C",
                "HR_Delta": "8.4 Δ",
                "RespRate_Delta": "48 Δ breaths/min",
                "Temp_Delta": "0.6 °C"
            },
            "pain_level": "Low"
        },
        {
            "timestamp": "2025-03-15 02:00:00",
            "vital_signs": {
                "heart_rate": "187 bpm",
                "respiratory_rate": "74 breaths/min",
                "body_temperature": "37.1 °C",
                "HR_Delta": "4.9 Δ",
                "RespRate_Delta": "31 Δ breaths/min",
                "Temp_Delta": "0.6 °C"
            },
            "pain_level": "Low"
        },
        {
            "timestamp": "2025-03-15 02:05:00",
            "vital_signs": {
                "heart_rate": "173 bpm",
                "respiratory_rate": "75 breaths/min",
                "body_temperature": "37.0 °C",
                "HR_Delta": "14.0 Δ",
                "RespRate_Delta": "0 Δ breaths/min",
                "Temp_Delta": "0.1 °C"
            },
            "pain_level": "Low"
        },
        {
            "timestamp": "2025-03-15 02:10:00",
            "vital_signs": {
                "heart_rate": "187 bpm",
                "respiratory_rate": "80 breaths/min",
                "body_temperature": "36.9 °C",
                "HR_Delta": "14.4 Δ",
                "RespRate_Delta": "5 Δ breaths/min",
                "Temp_Delta": "0.1 °C"
            },
            "pain_level": "Low",
            "intervention": [
                {
                    "type": "diaper change",
                    "detail": null
                }
            ]
        },
        {
            "timestamp": "2025-03-15 02:15:00",
            "vital_signs": {
                "heart_rate": "182 bpm",
                "respiratory_rate": "41 breaths/min",
                "body_temperature": "37.1 °C",
                "HR_Delta": "5.3 Δ",
                "RespRate_Delta": "39 Δ breaths/min",
                "Temp_Delta": "0.2 °C"
            },
            "pain_level": "Low",
            "intervention": [
                {
                    "type": "oxygen administration",
                    "detail": "adjust FiO2"
                }
            ]
        },
        {
            "timestamp": "2025-03-15 02:20:00",
            "vital_signs": {
                "heart_rate": "188 bpm",
                "respiratory_rate": "61 breaths/min",
                "body_temperature": "36.7 °C",
                "HR_Delta": "6.0 Δ",
                "RespRate_Delta": "20 Δ breaths/min",
                "Temp_Delta": "0.4 °C"
            },
            "pain_level": "Low"
        },
        {
            "timestamp": "2025-03-15 02:25:00",
            "vital_signs": {
                "heart_rate": "194 bpm",
                "respiratory_rate": "71 breaths/min",
                "body_temperature": "37.3 °C",
                "HR_Delta": "6.4 Δ",
                "RespRate_Delta": "10 Δ breaths/min",
                "Temp_Delta": "0.6 °C"
            },
            "pain_level": "Low"
        },
        {
            "timestamp": "2025-03-15 02:30:00",
            "vital_signs": {
                "heart_rate": "194 bpm",
                "respiratory_rate": "74 breaths/min",
                "body_temperature": "37.4 °C",
                "HR_Delta": "0.2 Δ",
                "RespRate_Delta": "3 Δ breaths/min",
                "Temp_Delta": "0.1 °C"
            },
            "pain_level": "Low",
            "intervention": [
                {
                    "type": "position change",
                    "detail": "prone"
                }
            ]
        },
        {
            "timestamp": "2025-03-15 02:35:00",
            "vital_signs": {
                "heart_rate": "186 bpm",
                "respiratory_rate": "73 breaths/min",
                "body_temperature": "37.0 °C",
                "HR_Delta": "8.1 Δ",
                "RespRate_Delta": "1 Δ breaths/min",
                "Temp_Delta": "0.4 °C"
            },
            "pain_level": "Low",
            "intervention": [
                {
                    "type": "position change",
                    "detail": "supine"
                }
            ]
        },
        {
            "timestamp": "2025-03-15 02:40:00",
            "vital_signs": {
                "heart_rate": "180 bpm",
                "respiratory_rate": "64 breaths/min",
                "body_temperature": "37.0 °C",
                "HR_Delta": "6.2 Δ",
                "RespRate_Delta": "10 Δ breaths/min",
                "Temp_Delta": "0.0 °C"
            },
            "pain_level": "Low"
        },
        {
            "timestamp": "2025-03-15 02:45:00",
            "vital_signs": {
                "heart_rate": "186 bpm",
                "respiratory_rate": "51 breaths/min",
                "body_temperature": "37.1 °C",
                "HR_Delta": "6.5 Δ",
                "RespRate_Delta": "12 Δ breaths/min",
                "Temp_Delta": "0.1 °C"
            },
            "pain_level": "Low"
        },
        {
            "timestamp": "2025-03-15 02:50:00",
            "vital_signs": {
                "heart_rate": "174 bpm",
                "respiratory_rate": "71 breaths/min",
                "body_temperature": "37.0 °C",
                "HR_Delta": "12.3 Δ",
                "RespRate_Delta": "20 Δ breaths/min",
                "Temp_Delta": "0.1 °C"
            },
            "pain_level": "Low"
        },
        {
            "timestamp": "2025-03-15 02:55:00",
            "vital_signs": {
                "heart_rate": "188 bpm",
                "respiratory_rate": "86 breaths/min",
                "body_temperature": "36.9 °C",
                "HR_Delta": "14.1 Δ",
                "RespRate_Delta": "14 Δ breaths/min",
                "Temp_Delta": "0.1 °C"
            },
            "pain_level": "Low"
        },
        {
            "timestamp": "2025-03-15 03:00:00",
            "vital_signs": {
                "heart_rate": "193 bpm",
                "respiratory_rate": "74 breaths/min",
                "body_temperature": "36.7 °C",
                "HR_Delta": "5.3 Δ",
                "RespRate_Delta": "11 Δ breaths/min",
                "Temp_Delta": "0.2 °C"
            },
            "pain_level": "Low"
        },
        {
            "timestamp": "2025-03-15 03:05:00",
            "vital_signs": {
                "heart_rate": "178 bpm",
                "respiratory_rate": "71 breaths/min",
                "body_temperature": "37.0 °C",
                "HR_Delta": "15.2 Δ",
                "RespRate_Delta": "3 Δ breaths/min",
                "Temp_Delta": "0.3 °C"
            },
            "pain_level": "Low"
        },
        {
            "timestamp": "2025-03-15 03:10:00",
            "vital_signs": {
                "heart_rate": "188 bpm",
                "respiratory_rate": "74 breaths/min",
                "body_temperature": "36.5 °C",
                "HR_Delta": "9.9 Δ",
                "RespRate_Delta": "3 Δ breaths/min",
                "Temp_Delta": "0.5 °C"
            },
            "pain_level": "Low"
        },
        {
            "timestamp": "2025-03-15 03:15:00",
            "vital_signs": {
                "heart_rate": "182 bpm",
                "respiratory_rate": "36 breaths/min",
                "body_temperature": "36.9 °C",
                "HR_Delta": "5.6 Δ",
                "RespRate_Delta": "38 Δ breaths/min",
                "Temp_Delta": "0.4 °C"
            },
            "pain_level": "Low"
        },
        {
            "timestamp": "2025-03-15 03:20:00",
            "vital_signs": {
                "heart_rate": "187 bpm",
                "respiratory_rate": "40 breaths/min",
                "body_temperature": "36.5 °C",
                "HR_Delta": "4.3 Δ",
                "RespRate_Delta": "3 Δ breaths/min",
                "Temp_Delta": "0.4 °C"
            },
            "pain_level": "Low"
        },
        {
            "timestamp": "2025-03-15 03:25:00",
            "vital_signs": {
                "heart_rate": "182 bpm",
                "respiratory_rate": "53 breaths/min",
                "body_temperature": "37.1 °C",
                "HR_Delta": "4.5 Δ",
                "RespRate_Delta": "14 Δ breaths/min",
                "Temp_Delta": "0.6 °C"
            },
            "pain_level": "Low"
        },
        {
            "timestamp": "2025-03-15 03:30:00",
            "vital_signs": {
                "heart_rate": "185 bpm",
                "respiratory_rate": "42 breaths/min",
                "body_temperature": "37.3 °C",
                "HR_Delta": "2.3 Δ",
                "RespRate_Delta": "11 Δ breaths/min",
                "Temp_Delta": "0.2 °C"
            },
            "pain_level": "Low"
        },
        {
            "timestamp": "2025-03-15 03:35:00",
            "vital_signs": {
                "heart_rate": "192 bpm",
                "respiratory_rate": "92 breaths/min",
                "body_temperature": "37.0 °C",
                "HR_Delta": "7.3 Δ",
                "RespRate_Delta": "51 Δ breaths/min",
                "Temp_Delta": "0.3 °C"
            },
            "pain_level": "Low"
        },
        {
            "timestamp": "2025-03-15 03:40:00",
            "vital_signs": {
                "heart_rate": "186 bpm",
                "respiratory_rate": "93 breaths/min",
                "body_temperature": "37.1 °C",
                "HR_Delta": "6.2 Δ",
                "RespRate_Delta": "0 Δ breaths/min",
                "Temp_Delta": "0.1 °C"
            },
            "pain_level": "Low"
        },
        {
            "timestamp": "2025-03-15 03:45:00",
            "vital_signs": {
                "heart_rate": "191 bpm",
                "respiratory_rate": "45 breaths/min",
                "body_temperature": "36.9 °C",
                "HR_Delta": "5.0 Δ",
                "RespRate_Delta": "48 Δ breaths/min",
                "Temp_Delta": "0.2 °C"
            },
            "pain_level": "Low",
            "intervention": [
                {
                    "type": "position change",
                    "detail": "right lateral"
                }
            ]
        },
        {
            "timestamp": "2025-03-15 03:50:00",
            "vital_signs": {
                "heart_rate": "189 bpm",
                "respiratory_rate": "84 breaths/min",
                "body_temperature": "37.0 °C",
                "HR_Delta": "1.2 Δ",
                "RespRate_Delta": "39 Δ breaths/min",
                "Temp_Delta": "0.1 °C"
            },
            "pain_level": "Low"
        },
        {
            "timestamp": "2025-03-15 03:55:00",
            "vital_signs": {
                "heart_rate": "180 bpm",
                "respiratory_rate": "41 breaths/min",
                "body_temperature": "36.7 °C",
                "HR_Delta": "9.8 Δ",
                "RespRate_Delta": "43 Δ breaths/min",
                "Temp_Delta": "0.3 °C"
            },
            "pain_level": "Low"
        },
        {
            "timestamp": "2025-03-15 04:00:00",
            "vital_signs": {
                "heart_rate": "176 bpm",
                "respiratory_rate": "65 breaths/min",
                "body_temperature": "37.3 °C",
                "HR_Delta": "3.8 Δ",
                "RespRate_Delta": "23 Δ breaths/min",
                "Temp_Delta": "0.6 °C"
            },
            "pain_level": "Low"
        },
        {
            "timestamp": "2025-03-15 04:05:00",
            "vital_signs": {
                "heart_rate": "179 bpm",
                "respiratory_rate": "72 breaths/min",
                "body_temperature": "36.8 °C",
                "HR_Delta": "3.2 Δ",
                "RespRate_Delta": "7 Δ breaths/min",
                "Temp_Delta": "0.5 °C"
            },
            "pain_level": "Low"
        },
        {
            "timestamp": "2025-03-15 04:10:00",
            "vital_signs": {
                "heart_rate": "180 bpm",
                "respiratory_rate": "65 breaths/min",
                "body_temperature": "37.2 °C",
                "HR_Delta": "1.1 Δ",
                "RespRate_Delta": "8 Δ breaths/min",
                "Temp_Delta": "0.4 °C"
            },
            "pain_level": "Low"
        },
        {
            "timestamp": "2025-03-15 04:15:00",
            "vital_signs": {
                "heart_rate": "185 bpm",
                "respiratory_rate": "35 breaths/min",
                "body_temperature": "36.7 °C",
                "HR_Delta": "5.0 Δ",
                "RespRate_Delta": "30 Δ breaths/min",
                "Temp_Delta": "0.5 °C"
            },
            "pain_level": "Low"
        },
        {
            "timestamp": "2025-03-15 04:20:00",
            "vital_signs": {
                "heart_rate": "180 bpm",
                "respiratory_rate": "41 breaths/min",
                "body_temperature": "36.5 °C",
                "HR_Delta": "5.2 Δ",
                "RespRate_Delta": "6 Δ breaths/min",
                "Temp_Delta": "0.2 °C"
            },
            "pain_level": "Low"
        },
        {
            "timestamp": "2025-03-15 04:25:00",
            "vital_signs": {
                "heart_rate": "187 bpm",
                "respiratory_rate": "87 breaths/min",
                "body_temperature": "36.7 °C",
                "HR_Delta": "6.4 Δ",
                "RespRate_Delta": "46 Δ breaths/min",
                "Temp_Delta": "0.2 °C"
            },
            "pain_level": "Low"
        },
        {
            "timestamp": "2025-03-15 04:30:00",
            "vital_signs": {
                "heart_rate": "191 bpm",
                "respiratory_rate": "80 breaths/min",
                "body_temperature": "37.1 °C",
                "HR_Delta": "4.6 Δ",
                "RespRate_Delta": "7 Δ breaths/min",
                "Temp_Delta": "0.4 °C"
            },
            "pain_level": "Low",
            "intervention": [
                {
                    "type": "diaper change",
                    "detail": "Scheduled diaper change"
                }
            ]
        },
        {
            "timestamp": "2025-03-15 04:35:00",
            "vital_signs": {
                "heart_rate": "191 bpm",
                "respiratory_rate": "39 breaths/min",
                "body_temperature": "37.1 °C",
                "HR_Delta": "0.0 Δ",
                "RespRate_Delta": "41 Δ breaths/min",
                "Temp_Delta": "0.0 °C"
            },
            "pain_level": "Low"
        },
        {
            "timestamp": "2025-03-15 04:40:00",
            "vital_signs": {
                "heart_rate": "190 bpm",
                "respiratory_rate": "57 breaths/min",
                "body_temperature": "37.1 °C",
                "HR_Delta": "0.6 Δ",
                "RespRate_Delta": "18 Δ breaths/min",
                "Temp_Delta": "0.0 °C"
            },
            "pain_level": "Low"
        },
        {
            "timestamp": "2025-03-15 04:45:00",
            "vital_signs": {
                "heart_rate": "184 bpm",
                "respiratory_rate": "86 breaths/min",
                "body_temperature": "37.0 °C",
                "HR_Delta": "6.6 Δ",
                "RespRate_Delta": "29 Δ breaths/min",
                "Temp_Delta": "0.1 °C"
            },
            "pain_level": "Low"
        },
        {
            "timestamp": "2025-03-15 04:50:00",
            "vital_signs": {
                "heart_rate": "192 bpm",
                "respiratory_rate": "74 breaths/min",
                "body_temperature": "36.8 °C",
                "HR_Delta": "7.8 Δ",
                "RespRate_Delta": "11 Δ breaths/min",
                "Temp_Delta": "0.2 °C"
            },
            "pain_level": "Low"
        },
        {
            "timestamp": "2025-03-15 04:55:00",
            "vital_signs": {
                "heart_rate": "174 bpm",
                "respiratory_rate": "69 breaths/min",
                "body_temperature": "37.2 °C",
                "HR_Delta": "17.4 Δ",
                "RespRate_Delta": "5 Δ breaths/min",
                "Temp_Delta": "0.4 °C"
            },
            "pain_level": "Low"
        },
        {
            "timestamp": "2025-03-15 05:00:00",
            "vital_signs": {
                "heart_rate": "191 bpm",
                "respiratory_rate": "82 breaths/min",
                "body_temperature": "37.1 °C",
                "HR_Delta": "16.6 Δ",
                "RespRate_Delta": "13 Δ breaths/min",
                "Temp_Delta": "0.1 °C"
            },
            "pain_level": "Low"
        },
        {
            "timestamp": "2025-03-15 05:05:00",
            "vital_signs": {
                "heart_rate": "189 bpm",
                "respiratory_rate": "79 breaths/min",
                "body_temperature": "36.9 °C",
                "HR_Delta": "1.8 Δ",
                "RespRate_Delta": "3 Δ breaths/min",
                "Temp_Delta": "0.2 °C"
            },
            "pain_level": "Low"
        },
        {
            "timestamp": "2025-03-15 05:10:00",
            "vital_signs": {
                "heart_rate": "191 bpm",
                "respiratory_rate": "72 breaths/min",
                "body_temperature": "37.3 °C",
                "HR_Delta": "1.9 Δ",
                "RespRate_Delta": "7 Δ breaths/min",
                "Temp_Delta": "0.4 °C"
            },
            "pain_level": "Low"
        },
        {
            "timestamp": "2025-03-15 05:15:00",
            "vital_signs": {
                "heart_rate": "191 bpm",
                "respiratory_rate": "40 breaths/min",
                "body_temperature": "36.7 °C",
                "HR_Delta": "0.5 Δ",
                "RespRate_Delta": "31 Δ breaths/min",
                "Temp_Delta": "0.6 °C"
            },
            "pain_level": "Low"
        },
        {
            "timestamp": "2025-03-15 05:20:00",
            "vital_signs": {
                "heart_rate": "183 bpm",
                "respiratory_rate": "71 breaths/min",
                "body_temperature": "37.2 °C",
                "HR_Delta": "8.4 Δ",
                "RespRate_Delta": "31 Δ breaths/min",
                "Temp_Delta": "0.5 °C"
            },
            "pain_level": "Low"
        },
        {
            "timestamp": "2025-03-15 05:25:00",
            "vital_signs": {
                "heart_rate": "185 bpm",
                "respiratory_rate": "41 breaths/min",
                "body_temperature": "36.7 °C",
                "HR_Delta": "2.2 Δ",
                "RespRate_Delta": "30 Δ breaths/min",
                "Temp_Delta": "0.5 °C"
            },
            "pain_level": "Low"
        },
        {
            "timestamp": "2025-03-15 05:30:00",
            "vital_signs": {
                "heart_rate": "174 bpm",
                "respiratory_rate": "36 breaths/min",
                "body_temperature": "37.1 °C",
                "HR_Delta": "11.5 Δ",
                "RespRate_Delta": "5 Δ breaths/min",
                "Temp_Delta": "0.4 °C"
            },
            "pain_level": "Low"
        },
        {
            "timestamp": "2025-03-15 05:35:00",
            "vital_signs": {
                "heart_rate": "181 bpm",
                "respiratory_rate": "76 breaths/min",
                "body_temperature": "36.8 °C",
                "HR_Delta": "7.2 Δ",
                "RespRate_Delta": "40 Δ breaths/min",
                "Temp_Delta": "0.3 °C"
            },
            "pain_level": "Low"
        },
        {
            "timestamp": "2025-03-15 05:40:00",
            "vital_signs": {
                "heart_rate": "178 bpm",
                "respiratory_rate": "72 breaths/min",
                "body_temperature": "37.0 °C",
                "HR_Delta": "2.7 Δ",
                "RespRate_Delta": "4 Δ breaths/min",
                "Temp_Delta": "0.2 °C"
            },
            "pain_level": "Low"
        },
        {
            "timestamp": "2025-03-15 05:45:00",
            "vital_signs": {
                "heart_rate": "189 bpm",
                "respiratory_rate": "43 breaths/min",
                "body_temperature": "36.9 °C",
                "HR_Delta": "11.0 Δ",
                "RespRate_Delta": "29 Δ breaths/min",
                "Temp_Delta": "0.1 °C"
            },
            "pain_level": "Low"
        },
        {
            "timestamp": "2025-03-15 05:50:00",
            "vital_signs": {
                "heart_rate": "184 bpm",
                "respiratory_rate": "62 breaths/min",
                "body_temperature": "36.8 °C",
                "HR_Delta": "5.4 Δ",
                "RespRate_Delta": "19 Δ breaths/min",
                "Temp_Delta": "0.1 °C"
            },
            "pain_level": "Low"
        },
        {
            "timestamp": "2025-03-15 05:55:00",
            "vital_signs": {
                "heart_rate": "186 bpm",
                "respiratory_rate": "77 breaths/min",
                "body_temperature": "37.3 °C",
                "HR_Delta": "2.1 Δ",
                "RespRate_Delta": "15 Δ breaths/min",
                "Temp_Delta": "0.5 °C"
            },
            "pain_level": "Low"
        },
        {
            "timestamp": "2025-03-15 06:00:00",
            "vital_signs": {
                "heart_rate": "190 bpm",
                "respiratory_rate": "71 breaths/min",
                "body_temperature": "36.7 °C",
                "HR_Delta": "4.1 Δ",
                "RespRate_Delta": "6 Δ breaths/min",
                "Temp_Delta": "0.6 °C"
            },
            "pain_level": "Low"
        },
        {
            "timestamp": "2025-03-15 06:05:00",
            "vital_signs": {
                "heart_rate": "192 bpm",
                "respiratory_rate": "73 breaths/min",
                "body_temperature": "36.6 °C",
                "HR_Delta": "2.3 Δ",
                "RespRate_Delta": "2 Δ breaths/min",
                "Temp_Delta": "0.1 °C"
            },
            "pain_level": "Low"
        },
        {
            "timestamp": "2025-03-15 06:10:00",
            "vital_signs": {
                "heart_rate": "174 bpm",
                "respiratory_rate": "72 breaths/min",
                "body_temperature": "37.0 °C",
                "HR_Delta": "17.9 Δ",
                "RespRate_Delta": "1 Δ breaths/min",
                "Temp_Delta": "0.4 °C"
            },
            "pain_level": "Low"
        },
        {
            "timestamp": "2025-03-15 06:15:00",
            "vital_signs": {
                "heart_rate": "188 bpm",
                "respiratory_rate": "41 breaths/min",
                "body_temperature": "37.2 °C",
                "HR_Delta": "13.9 Δ",
                "RespRate_Delta": "32 Δ breaths/min",
                "Temp_Delta": "0.2 °C"
            },
            "pain_level": "Low"
        },
        {
            "timestamp": "2025-03-15 06:20:00",
            "vital_signs": {
                "heart_rate": "184 bpm",
                "respiratory_rate": "73 breaths/min",
                "body_temperature": "37.1 °C",
                "HR_Delta": "4.4 Δ",
                "RespRate_Delta": "32 Δ breaths/min",
                "Temp_Delta": "0.1 °C"
            },
            "pain_level": "Low"
        },
        {
            "timestamp": "2025-03-15 06:25:00",
            "vital_signs": {
                "heart_rate": "185 bpm",
                "respiratory_rate": "36 breaths/min",
                "body_temperature": "36.6 °C",
                "HR_Delta": "1.4 Δ",
                "RespRate_Delta": "37 Δ breaths/min",
                "Temp_Delta": "0.5 °C"
            },
            "pain_level": "Low",
            "intervention": [
                {
                    "type": "position change",
                    "detail": "prone"
                }
            ]
        }
    ]
}