{
    "patient_id": "Jane Doe",
    "Sex": "F",
    "Age": "Age: 13 Days",
    "Weight": "3.6 kg",
    "Conditions": [
        "Bradycardia",
        "Tachycardia"
    ],
    "data": [
        {
            "timestamp": "2025-03-14 00:33:00",
            "vital_signs": {
                "heart_rate": "133 bpm",
                "respiratory_rate": "95 breaths/min",
                "body_temperature": "36.7 °C",
                "HR_Delta": null,
                "RespRate_Delta": null,
                "Temp_Delta": null
            },
            "pain_level": "Low",
            "intervention": [
                {
                    "type": "diaper change",
                    "detail": "Scheduled diaper change"
                },
                {
                    "type": "position change",
                    "detail": "supine"
                }
            ]
        },
        {
            "timestamp": "2025-03-14 00:38:00",
            "vital_signs": {
                "heart_rate": "126 bpm",
                "respiratory_rate": "69 breaths/min",
                "body_temperature": "37.0 °C",
                "HR_Delta": "6.7 Δ",
                "RespRate_Delta": "26 Δ breaths/min",
                "Temp_Delta": "0.3 °C"
            },
            "pain_level": "Low"
        },
        {
            "timestamp": "2025-03-14 00:43:00",
            "vital_signs": {
                "heart_rate": "133 bpm",
                "respiratory_rate": "55 breaths/min",
                "body_temperature": "37.0 °C",
                "HR_Delta": "7.5 Δ",
                "RespRate_Delta": "14 Δ breaths/min",
                "Temp_Delta": "0.0 °C"
            },
            "pain_level": "Low"
        },
        {
            "timestamp": "2025-03-14 00:48:00",
            "vital_signs": {
                "heart_rate": "138 bpm",
                "respiratory_rate": "62 breaths/min",
                "body_temperature": "37.1 °C",
                "HR_Delta": "4.9 Δ",
                "RespRate_Delta": "7 Δ breaths/min",
                "Temp_Delta": "0.1 °C"
            },
            "pain_level": "Low"
        },
        {
            "timestamp": "2025-03-14 00:53:00",
            "vital_signs": {
                "heart_rate": "125 bpm",
                "respiratory_rate": "53 breaths/min",
                "body_temperature": "36.7 °C",
                "HR_Delta": "13.5 Δ",
                "RespRate_Delta": "9 Δ breaths/min",
                "Temp_Delta": "0.4 °C"
            },
            "pain_level": "Low"
        },
        {
            "timestamp": "2025-03-14 00:58:00",
            "vital_signs": {
                "heart_rate": "127 bpm",
                "respiratory_rate": "84 breaths/min",
                "body_temperature": "37.1 °C",
                "HR_Delta": "2.2 Δ",
                "RespRate_Delta": "31 Δ breaths/min",
                "Temp_Delta": "0.4 °C"
            },
            "pain_level": "Low"
        },
        {
            "timestamp": "2025-03-14 01:03:00",
            "vital_signs": {
                "heart_rate": "136 bpm",
                "respiratory_rate": "74 breaths/min",
                "body_temperature": "36.7 °C",
                "HR_Delta": "9.0 Δ",
                "RespRate_Delta": "10 Δ breaths/min",
                "Temp_Delta": "0.4 °C"
            },
            "pain_level": "Low"
        },
        {
            "timestamp": "2025-03-14 01:08:00",
            "vital_signs": {
                "heart_rate": "145 bpm",
                "respiratory_rate": "42 breaths/min",
                "body_temperature": "37.3 °C",
                "HR_Delta": "9.4 Δ",
                "RespRate_Delta": "32 Δ breaths/min",
                "Temp_Delta": "0.6 °C"
            },
            "pain_level": "Low"
        },
        {
            "timestamp": "2025-03-14 01:13:00",
            "vital_signs": {
                "heart_rate": "132 bpm",
                "respiratory_rate": "54 breaths/min",
                "body_temperature": "36.8 °C",
                "HR_Delta": "13.0 Δ",
                "RespRate_Delta": "12 Δ breaths/min",
                "Temp_Delta": "0.5 °C"
            },
            "pain_level": "Low"
        },
        {
            "timestamp": "2025-03-14 01:18:00",
            "vital_signs": {
                "heart_rate": "141 bpm",
                "respiratory_rate": "37 breaths/min",
                "body_temperature": "36.8 °C",
                "HR_Delta": "8.7 Δ",
                "RespRate_Delta": "17 Δ breaths/min",
                "Temp_Delta": "0.0 °C"
            },
            "pain_level": "Low"
        },
        {
            "timestamp": "2025-03-14 01:23:00",
            "vital_signs": {
                "heart_rate": "144 bpm",
                "respiratory_rate": "36 breaths/min",
                "body_temperature": "36.7 °C",
                "HR_Delta": "2.9 Δ",
                "RespRate_Delta": "1 Δ breaths/min",
                "Temp_Delta": "0.1 °C"
            },
            "pain_level": "Low"
        },
        {
            "timestamp": "2025-03-14 01:28:00",
            "vital_signs": {
                "heart_rate": "137 bpm",
                "respiratory_rate": "71 breaths/min",
                "body_temperature": "36.6 °C",
                "HR_Delta": "7.1 Δ",
                "RespRate_Delta": "35 Δ breaths/min",
                "Temp_Delta": "0.1 °C"
            },
            "pain_level": "Low"
        },
        {
            "timestamp": "2025-03-14 01:33:00",
            "vital_signs": {
                "heart_rate": "136 bpm",
                "respiratory_rate": "67 breaths/min",
                "body_temperature": "37.0 °C",
                "HR_Delta": "0.5 Δ",
                "RespRate_Delta": "4 Δ breaths/min",
                "Temp_Delta": "0.4 °C"
            },
            "pain_level": "Low"
        },
        {
            "timestamp": "2025-03-14 01:38:00",
            "vital_signs": {
                "heart_rate": "129 bpm",
                "respiratory_rate": "40 breaths/min",
                "body_temperature": "37.2 °C",
                "HR_Delta": "7.2 Δ",
                "RespRate_Delta": "27 Δ breaths/min",
                "Temp_Delta": "0.2 °C"
            },
            "pain_level": "Low"
        },
        {
            "timestamp": "2025-03-14 01:43:00",
            "vital_signs": {
                "heart_rate": "122 bpm",
                "respiratory_rate": "57 breaths/min",
                "body_temperature": "36.6 °C",
                "HR_Delta": "6.9 Δ",
                "RespRate_Delta": "17 Δ breaths/min",
                "Temp_Delta": "0.6 °C"
            },
            "pain_level": "Low"
        },
        {
            "timestamp": "2025-03-14 01:48:00",
            "vital_signs": {
                "heart_rate": "127 bpm",
                "respiratory_rate": "93 breaths/min",
                "body_temperature": "36.8 °C",
                "HR_Delta": "5.3 Δ",
                "RespRate_Delta": "36 Δ breaths/min",
                "Temp_Delta": "0.2 °C"
            },
            "pain_level": "Low"
        },
        {
            "timestamp": "2025-03-14 01:53:00",
            "vital_signs": {
                "heart_rate": "149 bpm",
                "respiratory_rate": "79 breaths/min",
                "body_temperature": "37.0 °C",
                "HR_Delta": "22.0 Δ",
                "RespRate_Delta": "14 Δ breaths/min",
                "Temp_Delta": "0.2 °C"
            },
            "pain_level": "Low"
        },
        {
            "timestamp": "2025-03-14 01:58:00",
            "vital_signs": {
                "heart_rate": "134 bpm",
                "respiratory_rate": "46 breaths/min",
                "body_temperature": "36.6 °C",
                "HR_Delta": "15.5 Δ",
                "RespRate_Delta": "33 Δ breaths/min",
                "Temp_Delta": "0.4 °C"
            },
            "pain_level": "Low"
        },
        {
            "timestamp": "2025-03-14 02:03:00",
            "vital_signs": {
                "heart_rate": "150 bpm",
                "respiratory_rate": "59 breaths/min",
                "body_temperature": "37.0 °C",
                "HR_Delta": "15.6 Δ",
                "RespRate_Delta": "13 Δ breaths/min",
                "Temp_Delta": "0.4 °C"
            },
            "pain_level": "Low"
        },
        {
            "timestamp": "2025-03-14 02:08:00",
            "vital_signs": {
                "heart_rate": "147 bpm",
                "respiratory_rate": "40 breaths/min",
                "body_temperature": "36.8 °C",
                "HR_Delta": "2.2 Δ",
                "RespRate_Delta": "19 Δ breaths/min",
                "Temp_Delta": "0.2 °C"
            },
            "pain_level": "Low"
        },
        {
            "timestamp": "2025-03-14 02:13:00",
            "vital_signs": {
                "heart_rate": "131 bpm",
                "respiratory_rate": "73 breaths/min",
                "body_temperature": "36.9 °C",
                "HR_Delta": "16.6 Δ",
                "RespRate_Delta": "33 Δ breaths/min",
                "Temp_Delta": "0.1 °C"
            },
            "pain_level": "Low"
        },
        {
            "timestamp": "2025-03-14 02:18:00",
            "vital_signs": {
                "heart_rate": "129 bpm",
                "respiratory_rate": "72 breaths/min",
                "body_temperature": "37.3 °C",
                "HR_Delta": "1.6 Δ",
                "RespRate_Delta": "2 Δ breaths/min",
                "Temp_Delta": "0.4 °C"
            },
            "pain_level": "Low"
        },
        {
            "timestamp": "2025-03-14 02:23:00",
            "vital_signs": {
                "heart_rate": "134 bpm",
                "respiratory_rate": "81 breaths/min",
                "body_temperature": "36.5 °C",
                "HR_Delta": "4.5 Δ",
                "RespRate_Delta": "10 Δ breaths/min",
                "Temp_Delta": "0.8 °C"
            },
            "pain_level": "Low"
        },
        {
            "timestamp": "2025-03-14 02:28:00",
            "vital_signs": {
                "heart_rate": "140 bpm",
                "respiratory_rate": "92 breaths/min",
                "body_temperature": "36.9 °C",
                "HR_Delta": "6.6 Δ",
                "RespRate_Delta": "10 Δ breaths/min",
                "Temp_Delta": "0.4 °C"
            },
            "pain_level": "Low"
        },
        {
            "timestamp": "2025-03-14 02:33:00",
            "vital_signs": {
                "heart_rate": "135 bpm",
                "respiratory_rate": "87 breaths/min",
                "body_temperature": "37.1 °C",
                "HR_Delta": "4.8 Δ",
                "RespRate_Delta": "5 Δ breaths/min",
                "Temp_Delta": "0.2 °C"
            },
            "pain_level": "Low"
        },
        {
            "timestamp": "2025-03-14 02:38:00",
            "vital_signs": {
                "heart_rate": "129 bpm",
                "respiratory_rate": "74 breaths/min",
                "body_temperature": "37.0 °C",
                "HR_Delta": "6.4 Δ",
                "RespRate_Delta": "13 Δ breaths/min",
                "Temp_Delta": "0.1 °C"
            },
            "pain_level": "Low"
        },
        {
            "timestamp": "2025-03-14 02:43:00",
            "vital_signs": {
                "heart_rate": "141 bpm",
                "respiratory_rate": "40 breaths/min",
                "body_temperature": "36.7 °C",
                "HR_Delta": "12.5 Δ",
                "RespRate_Delta": "34 Δ breaths/min",
                "Temp_Delta": "0.3 °C"
            },
            "pain_level": "Low"
        },
        {
            "timestamp": "2025-03-14 02:48:00",
            "vital_signs": {
                "heart_rate": "128 bpm",
                "respiratory_rate": "35 breaths/min",
                "body_temperature": "37.3 °C",
                "HR_Delta": "13.7 Δ",
                "RespRate_Delta": "5 Δ breaths/min",
                "Temp_Delta": "0.6 °C"
            },
            "pain_level": "Low"
        },
        {
            "timestamp": "2025-03-14 02:53:00",
            "vital_signs": {
                "heart_rate": "123 bpm",
                "respiratory_rate": "63 breaths/min",
                "body_temperature": "37.2 °C",
                "HR_Delta": "4.8 Δ",
                "RespRate_Delta": "28 Δ breaths/min",
                "Temp_Delta": "0.1 °C"
            },
            "pain_level": "Low"
        },
        {
            "timestamp": "2025-03-14 02:58:00",
            "vital_signs": {
                "heart_rate": "130 bpm",
                "respiratory_rate": "58 breaths/min",
                "body_temperature": "37.2 °C",
                "HR_Delta": "7.4 Δ",
                "RespRate_Delta": "5 Δ breaths/min",
                "Temp_Delta": "0.0 °C"
            },
            "pain_level": "Low"
        },
        {
            "timestamp": "2025-03-14 03:03:00",
            "vital_signs": {
                "heart_rate": "145 bpm",
                "respiratory_rate": "71 breaths/min",
                "body_temperature": "37.0 °C",
                "HR_Delta": "15.2 Δ",
                "RespRate_Delta": "12 Δ breaths/min",
                "Temp_Delta": "0.2 °C"
            },
            "pain_level": "Low"
        },
        {
            "timestamp": "2025-03-14 03:08:00",
            "vital_signs": {
                "heart_rate": "133 bpm",
                "respiratory_rate": "93 breaths/min",
                "body_temperature": "36.9 °C",
                "HR_Delta": "12.7 Δ",
                "RespRate_Delta": "22 Δ breaths/min",
                "Temp_Delta": "0.1 °C"
            },
            "pain_level": "Low"
        },
        {
            "timestamp": "2025-03-14 03:13:00",
            "vital_signs": {
                "heart_rate": "131 bpm",
                "respiratory_rate": "69 breaths/min",
                "body_temperature": "36.7 °C",
                "HR_Delta": "1.4 Δ",
                "RespRate_Delta": "24 Δ breaths/min",
                "Temp_Delta": "0.2 °C"
            },
            "pain_level": "Low"
        },
        {
            "timestamp": "2025-03-14 03:18:00",
            "vital_signs": {
                "heart_rate": "106 bpm",
                "respiratory_rate": "70 breaths/min",
                "body_temperature": "36.6 °C",
                "HR_Delta": "25.2 Δ",
                "RespRate_Delta": "1 Δ breaths/min",
                "Temp_Delta": "0.1 °C"
            },
            "pain_level": "Low"
        },
        {
            "timestamp": "2025-03-14 03:23:00",
            "vital_signs": {
                "heart_rate": "106 bpm",
                "respiratory_rate": "74 breaths/min",
                "body_temperature": "36.5 °C",
                "HR_Delta": "0.4 Δ",
                "RespRate_Delta": "4 Δ breaths/min",
                "Temp_Delta": "0.1 °C"
            },
            "pain_level": "Low"
        },
        {
            "timestamp": "2025-03-14 03:28:00",
            "vital_signs": {
                "heart_rate": "106 bpm",
                "respiratory_rate": "36 breaths/min",
                "body_temperature": "36.7 °C",
                "HR_Delta": "0.2 Δ",
                "RespRate_Delta": "38 Δ breaths/min",
                "Temp_Delta": "0.2 °C"
            },
            "pain_level": "Low"
        },
        {
            "timestamp": "2025-03-14 03:33:00",
            "vital_signs": {
                "heart_rate": "105 bpm",
                "respiratory_rate": "36 breaths/min",
                "body_temperature": "37.1 °C",
                "HR_Delta": "0.8 Δ",
                "RespRate_Delta": "1 Δ breaths/min",
                "Temp_Delta": "0.4 °C"
            },
            "pain_level": "Low",
            "intervention": [
                {
                    "type": "diaper change",
                    "detail": "Scheduled diaper change"
                }
            ]
        },
        {
            "timestamp": "2025-03-14 03:38:00",
            "vital_signs": {
                "heart_rate": "136 bpm",
                "respiratory_rate": "62 breaths/min",
                "body_temperature": "36.6 °C",
                "HR_Delta": "46.8 Δ",
                "RespRate_Delta": "27 Δ breaths/min",
                "Temp_Delta": "0.5 °C"
            },
            "pain_level": "Low"
        },
        {
            "timestamp": "2025-03-14 03:43:00",
            "vital_signs": {
                "heart_rate": "132 bpm",
                "respiratory_rate": "40 breaths/min",
                "body_temperature": "36.9 °C",
                "HR_Delta": "4.7 Δ",
                "RespRate_Delta": "22 Δ breaths/min",
                "Temp_Delta": "0.3 °C"
            },
            "pain_level": "Low"
        },
        {
            "timestamp": "2025-03-14 03:48:00",
            "vital_signs": {
                "heart_rate": "138 bpm",
                "respiratory_rate": "73 breaths/min",
                "body_temperature": "36.9 °C",
                "HR_Delta": "6.8 Δ",
                "RespRate_Delta": "33 Δ breaths/min",
                "Temp_Delta": "0.0 °C"
            },
            "pain_level": "Low"
        },
        {
            "timestamp": "2025-03-14 03:53:00",
            "vital_signs": {
                "heart_rate": "133 bpm",
                "respiratory_rate": "37 breaths/min",
                "body_temperature": "37.0 °C",
                "HR_Delta": "5.7 Δ",
                "RespRate_Delta": "36 Δ breaths/min",
                "Temp_Delta": "0.1 °C"
            },
            "pain_level": "Low"
        },
        {
            "timestamp": "2025-03-14 03:58:00",
            "vital_signs": {
                "heart_rate": "137 bpm",
                "respiratory_rate": "44 breaths/min",
                "body_temperature": "36.9 °C",
                "HR_Delta": "3.8 Δ",
                "RespRate_Delta": "7 Δ breaths/min",
                "Temp_Delta": "0.1 °C"
            },
            "pain_level": "Low"
        },
        {
            "timestamp": "2025-03-14 04:03:00",
            "vital_signs": {
                "heart_rate": "143 bpm",
                "respiratory_rate": "74 breaths/min",
                "body_temperature": "37.2 °C",
                "HR_Delta": "6.0 Δ",
                "RespRate_Delta": "30 Δ breaths/min",
                "Temp_Delta": "0.3 °C"
            },
            "pain_level": "Low",
            "intervention": [
                {
                    "type": "position change",
                    "detail": "left lateral"
                }
            ]
        },
        {
            "timestamp": "2025-03-14 04:08:00",
            "vital_signs": {
                "heart_rate": "124 bpm",
                "respiratory_rate": "78 breaths/min",
                "body_temperature": "37.3 °C",
                "HR_Delta": "18.7 Δ",
                "RespRate_Delta": "4 Δ breaths/min",
                "Temp_Delta": "0.1 °C"
            },
            "pain_level": "Low"
        },
        {
            "timestamp": "2025-03-14 04:13:00",
            "vital_signs": {
                "heart_rate": "128 bpm",
                "respiratory_rate": "80 breaths/min",
                "body_temperature": "37.3 °C",
                "HR_Delta": "4.2 Δ",
                "RespRate_Delta": "2 Δ breaths/min",
                "Temp_Delta": "0.0 °C"
            },
            "pain_level": "Low"
        },
        {
            "timestamp": "2025-03-14 04:18:00",
            "vital_signs": {
                "heart_rate": "148 bpm",
                "respiratory_rate": "36 breaths/min",
                "body_temperature": "36.8 °C",
                "HR_Delta": "20.2 Δ",
                "RespRate_Delta": "44 Δ breaths/min",
                "Temp_Delta": "0.5 °C"
            },
            "pain_level": "Low"
        },
        {
            "timestamp": "2025-03-14 04:23:00",
            "vital_signs": {
                "heart_rate": "124 bpm",
                "respiratory_rate": "39 breaths/min",
                "body_temperature": "36.9 °C",
                "HR_Delta": "24.3 Δ",
                "RespRate_Delta": "2 Δ breaths/min",
                "Temp_Delta": "0.1 °C"
            },
            "pain_level": "Low"
        },
        {
            "timestamp": "2025-03-14 04:28:00",
            "vital_signs": {
                "heart_rate": "129 bpm",
                "respiratory_rate": "88 breaths/min",
                "body_temperature": "36.7 °C",
                "HR_Delta": "4.9 Δ",
                "RespRate_Delta": "50 Δ breaths/min",
                "Temp_Delta": "0.2 °C"
            },
            "pain_level": "Low"
        },
        {
            "timestamp": "2025-03-14 04:33:00",
            "vital_signs": {
                "heart_rate": "127 bpm",
                "respiratory_rate": "64 breaths/min",
                "body_temperature": "36.7 °C",
                "HR_Delta": "1.6 Δ",
                "RespRate_Delta": "25 Δ breaths/min",
                "Temp_Delta": "0.0 °C"
            },
            "pain_level": "Low",
            "intervention": [
                {
                    "type": "position change",
                    "detail": "supine"
                }
            ]
        },
        {
            "timestamp": "2025-03-14 04:38:00",
            "vital_signs": {
                "heart_rate": "132 bpm",
                "respiratory_rate": "57 breaths/min",
                "body_temperature": "36.8 °C",
                "HR_Delta": "5.1 Δ",
                "RespRate_Delta": "6 Δ breaths/min",
                "Temp_Delta": "0.1 °C"
            },
            "pain_level": "Low"
        },
        {
            "timestamp": "2025-03-14 04:43:00",
            "vital_signs": {
                "heart_rate": "146 bpm",
                "respiratory_rate": "67 breaths/min",
                "body_temperature": "37.0 °C",
                "HR_Delta": "13.6 Δ",
                "RespRate_Delta": "10 Δ breaths/min",
                "Temp_Delta": "0.2 °C"
            },
            "pain_level": "Low"
        },
        {
            "timestamp": "2025-03-14 04:48:00",
            "vital_signs": {
                "heart_rate": "139 bpm",
                "respiratory_rate": "69 breaths/min",
                "body_temperature": "36.6 °C",
                "HR_Delta": "6.9 Δ",
                "RespRate_Delta": "2 Δ breaths/min",
                "Temp_Delta": "0.4 °C"
            },
            "pain_level": "Low"
        },
        {
            "timestamp": "2025-03-14 04:53:00",
            "vital_signs": {
                "heart_rate": "128 bpm",
                "respiratory_rate": "76 breaths/min",
                "body_temperature": "37.3 °C",
                "HR_Delta": "11.4 Δ",
                "RespRate_Delta": "7 Δ breaths/min",
                "Temp_Delta": "0.7 °C"
            },
            "pain_level": "Low"
        },
        {
            "timestamp": "2025-03-14 04:58:00",
            "vital_signs": {
                "heart_rate": "132 bpm",
                "respiratory_rate": "74 breaths/min",
                "body_temperature": "37.2 °C",
                "HR_Delta": "4.3 Δ",
                "RespRate_Delta": "2 Δ breaths/min",
                "Temp_Delta": "0.1 °C"
            },
            "pain_level": "Low"
        },
        {
            "timestamp": "2025-03-14 05:03:00",
            "vital_signs": {
                "heart_rate": "119 bpm",
                "respiratory_rate": "56 breaths/min",
                "body_temperature": "37.4 °C",
                "HR_Delta": "12.7 Δ",
                "RespRate_Delta": "18 Δ breaths/min",
                "Temp_Delta": "0.2 °C"
            },
            "pain_level": "Low"
        },
        {
            "timestamp": "2025-03-14 05:08:00",
            "vital_signs": {
                "heart_rate": "137 bpm",
                "respiratory_rate": "81 breaths/min",
                "body_temperature": "36.5 °C",
                "HR_Delta": "17.7 Δ",
                "RespRate_Delta": "24 Δ breaths/min",
                "Temp_Delta": "0.9 °C"
            },
            "pain_level": "Low"
        },
        {
            "timestamp": "2025-03-14 05:13:00",
            "vital_signs": {
                "heart_rate": "125 bpm",
                "respiratory_rate": "72 breaths/min",
                "body_temperature": "37.0 °C",
                "HR_Delta": "11.5 Δ",
                "RespRate_Delta": "9 Δ breaths/min",
                "Temp_Delta": "0.5 °C"
            },
            "pain_level": "Low"
        },
        {
            "timestamp": "2025-03-14 05:18:00",
            "vital_signs": {
                "heart_rate": "130 bpm",
                "respiratory_rate": "59 breaths/min",
                "body_temperature": "36.6 °C",
                "HR_Delta": "4.0 Δ",
                "RespRate_Delta": "13 Δ breaths/min",
                "Temp_Delta": "0.4 °C"
            },
            "pain_level": "Low",
            "intervention": [
                {
                    "type": "diaper change",
                    "detail": null
                },
                {
                    "type": "position change",
                    "detail": "prone"
                },
                {
                    "type": "oxygen administration",
                    "detail": "increase flow"
                }
            ]
        },
        {
            "timestamp": "2025-03-14 05:23:00",
            "vital_signs": {
                "heart_rate": "148 bpm",
                "respiratory_rate": "67 breaths/min",
                "body_temperature": "37.3 °C",
                "HR_Delta": "18.6 Δ",
                "RespRate_Delta": "7 Δ breaths/min",
                "Temp_Delta": "0.7 °C"
            },
            "pain_level": "Low"
        },
        {
            "timestamp": "2025-03-14 05:28:00",
            "vital_signs": {
                "heart_rate": "149 bpm",
                "respiratory_rate": "72 breaths/min",
                "body_temperature": "37.3 °C",
                "HR_Delta": "0.9 Δ",
                "RespRate_Delta": "5 Δ breaths/min",
                "Temp_Delta": "0.0 °C"
            },
            "pain_level": "Low"
        },
        {
            "timestamp": "2025-03-14 05:33:00",
            "vital_signs": {
                "heart_rate": "106 bpm",
                "respiratory_rate": "39 breaths/min",
                "body_temperature": "36.9 °C",
                "HR_Delta": "64.7 Δ",
                "RespRate_Delta": "33 Δ breaths/min",
                "Temp_Delta": "0.4 °C"
            },
            "pain_level": "Low"
        },
        {
            "timestamp": "2025-03-14 05:38:00",
            "vital_signs": {
                "heart_rate": "106 bpm",
                "respiratory_rate": "63 breaths/min",
                "body_temperature": "37.3 °C",
                "HR_Delta": "0.4 Δ",
                "RespRate_Delta": "24 Δ breaths/min",
                "Temp_Delta": "0.4 °C"
            },
            "pain_level": "Low"
        },
        {
            "timestamp": "2025-03-14 05:43:00",
            "vital_signs": {
                "heart_rate": "106 bpm",
                "respiratory_rate": "71 breaths/min",
                "body_temperature": "37.0 °C",
                "HR_Delta": "0.1 Δ",
                "RespRate_Delta": "8 Δ breaths/min",
                "Temp_Delta": "0.3 °C"
            },
            "pain_level": "Low"
        },
        {
            "timestamp": "2025-03-14 05:48:00",
            "vital_signs": {
                "heart_rate": "105 bpm",
                "respiratory_rate": "86 breaths/min",
                "body_temperature": "36.9 °C",
                "HR_Delta": "0.5 Δ",
                "RespRate_Delta": "15 Δ breaths/min",
                "Temp_Delta": "0.1 °C"
            },
            "pain_level": "Low"
        },
        {
            "timestamp": "2025-03-14 05:53:00",
            "vital_signs": {
                "heart_rate": "129 bpm",
                "respiratory_rate": "91 breaths/min",
                "body_temperature": "36.7 °C",
                "HR_Delta": "23.5 Δ",
                "RespRate_Delta": "5 Δ breaths/min",
                "Temp_Delta": "0.2 °C"
            },
            "pain_level": "Low"
        },
        {
            "timestamp": "2025-03-14 05:58:00",
            "vital_signs": {
                "heart_rate": "129 bpm",
                "respiratory_rate": "41 breaths/min",
                "body_temperature": "37.4 °C",
                "HR_Delta": "0.6 Δ",
                "RespRate_Delta": "49 Δ breaths/min",
                "Temp_Delta": "0.7 °C"
            },
            "pain_level": "Low"
        },
        {
            "timestamp": "2025-03-14 06:03:00",
            "vital_signs": {
                "heart_rate": "131 bpm",
                "respiratory_rate": "61 breaths/min",
                "body_temperature": "36.8 °C",
                "HR_Delta": "1.1 Δ",
                "RespRate_Delta": "20 Δ breaths/min",
                "Temp_Delta": "0.6 °C"
            },
            "pain_level": "Low"
        },
        {
            "timestamp": "2025-03-14 06:08:00",
            "vital_signs": {
                "heart_rate": "127 bpm",
                "respiratory_rate": "70 breaths/min",
                "body_temperature": "36.5 °C",
                "HR_Delta": "3.7 Δ",
                "RespRate_Delta": "9 Δ breaths/min",
                "Temp_Delta": "0.3 °C"
            },
            "pain_level": "Low"
        },
        {
            "timestamp": "2025-03-14 06:13:00",
            "vital_signs": {
                "heart_rate": "141 bpm",
                "respiratory_rate": "68 breaths/min",
                "body_temperature": "37.1 °C",
                "HR_Delta": "14.0 Δ",
                "RespRate_Delta": "1 Δ breaths/min",
                "Temp_Delta": "0.6 °C"
            },
            "pain_level": "Low"
        },
        {
            "timestamp": "2025-03-14 06:18:00",
            "vital_signs": {
                "heart_rate": "141 bpm",
                "respiratory_rate": "77 breaths/min",
                "body_temperature": "36.6 °C",
                "HR_Delta": "0.1 Δ",
                "RespRate_Delta": "9 Δ breaths/min",
                "Temp_Delta": "0.5 °C"
            },
            "pain_level": "Low"
        },
        {
            "timestamp": "2025-03-14 06:23:00",
            "vital_signs": {
                "heart_rate": "142 bpm",
                "respiratory_rate": "36 breaths/min",
                "body_temperature": "37.3 °C",
                "HR_Delta": "0.8 Δ",
                "RespRate_Delta": "41 Δ breaths/min",
                "Temp_Delta": "0.7 °C"
            },
            "pain_level": "Low"
        },
        {
            "timestamp": "2025-03-14 06:28:00",
            "vital_signs": {
                "heart_rate": "128 bpm",
                "respiratory_rate": "35 breaths/min",
                "body_temperature": "36.8 °C",
                "HR_Delta": "13.6 Δ",
                "RespRate_Delta": "2 Δ breaths/min",
                "Temp_Delta": "0.5 °C"
            },
            "pain_level": "Low"
        },
        {
            "timestamp": "2025-03-14 06:33:00",
            "vital_signs": {
                "heart_rate": "138 bpm",
                "respiratory_rate": "64 breaths/min",
                "body_temperature": "37.1 °C",
                "HR_Delta": "9.4 Δ",
                "RespRate_Delta": "29 Δ breaths/min",
                "Temp_Delta": "0.3 °C"
            },
            "pain_level": "Low",
            "intervention": [
                {
                    "type": "diaper change",
                    "detail": "Scheduled diaper change"
                }
            ]
        },
        {
            "timestamp": "2025-03-14 06:38:00",
            "vital_signs": {
                "heart_rate": "131 bpm",
                "respiratory_rate": "40 breaths/min",
                "body_temperature": "37.1 °C",
                "HR_Delta": "7.0 Δ",
                "RespRate_Delta": "24 Δ breaths/min",
                "Temp_Delta": "0.0 °C"
            },
            "pain_level": "Low"
        },
        {
            "timestamp": "2025-03-14 06:43:00",
            "vital_signs": {
                "heart_rate": "146 bpm",
                "respiratory_rate": "68 breaths/min",
                "body_temperature": "36.9 °C",
                "HR_Delta": "15.6 Δ",
                "RespRate_Delta": "28 Δ breaths/min",
                "Temp_Delta": "0.2 °C"
            },
            "pain_level": "Low"
        },
        {
            "timestamp": "2025-03-14 06:48:00",
            "vital_signs": {
                "heart_rate": "130 bpm",
                "respiratory_rate": "41 breaths/min",
                "body_temperature": "37.0 °C",
                "HR_Delta": "16.0 Δ",
                "RespRate_Delta": "27 Δ breaths/min",
                "Temp_Delta": "0.1 °C"
            },
            "pain_level": "Low",
            "intervention": [
                {
                    "type": "position change",
                    "detail": "supine"
                }
            ]
        },
        {
            "timestamp": "2025-03-14 06:53:00",
            "vital_signs": {
                "heart_rate": "149 bpm",
                "respiratory_rate": "66 breaths/min",
                "body_temperature": "37.1 °C",
                "HR_Delta": "18.8 Δ",
                "RespRate_Delta": "25 Δ breaths/min",
                "Temp_Delta": "0.1 °C"
            },
            "pain_level": "Low"
        },
        {
            "timestamp": "2025-03-14 06:58:00",
            "vital_signs": {
                "heart_rate": "132 bpm",
                "respiratory_rate": "39 breaths/min",
                "body_temperature": "37.3 °C",
                "HR_Delta": "17.2 Δ",
                "RespRate_Delta": "27 Δ breaths/min",
                "Temp_Delta": "0.2 °C"
            },
            "pain_level": "Low"
        },
        {
            "timestamp": "2025-03-14 07:03:00",
            "vital_signs": {
                "heart_rate": "127 bpm",
                "respiratory_rate": "52 breaths/min",
                "body_temperature": "37.3 °C",
                "HR_Delta": "4.8 Δ",
                "RespRate_Delta": "12 Δ breaths/min",
                "Temp_Delta": "0.0 °C"
            },
            "pain_level": "Low"
        },
        {
            "timestamp": "2025-03-14 07:08:00",
            "vital_signs": {
                "heart_rate": "142 bpm",
                "respiratory_rate": "35 breaths/min",
                "body_temperature": "37.3 °C",
                "HR_Delta": "15.0 Δ",
                "RespRate_Delta": "17 Δ breaths/min",
                "Temp_Delta": "0.0 °C"
            },
            "pain_level": "Low"
        },
        {
            "timestamp": "2025-03-14 07:13:00",
            "vital_signs": {
                "heart_rate": "134 bpm",
                "respiratory_rate": "38 breaths/min",
                "body_temperature": "36.6 °C",
                "HR_Delta": "7.5 Δ",
                "RespRate_Delta": "3 Δ breaths/min",
                "Temp_Delta": "0.7 °C"
            },
            "pain_level": "Low"
        },
        {
            "timestamp": "2025-03-14 07:18:00",
            "vital_signs": {
                "heart_rate": "127 bpm",
                "respiratory_rate": "67 breaths/min",
                "body_temperature": "37.1 °C",
                "HR_Delta": "7.0 Δ",
                "RespRate_Delta": "29 Δ breaths/min",
                "Temp_Delta": "0.5 °C"
            },
            "pain_level": "Low"
        },
        {
            "timestamp": "2025-03-14 07:23:00",
            "vital_signs": {
                "heart_rate": "130 bpm",
                "respiratory_rate": "80 breaths/min",
                "body_temperature": "37.1 °C",
                "HR_Delta": "2.6 Δ",
                "RespRate_Delta": "13 Δ breaths/min",
                "Temp_Delta": "0.0 °C"
            },
            "pain_level": "Low"
        },
        {
            "timestamp": "2025-03-14 07:28:00",
            "vital_signs": {
                "heart_rate": "122 bpm",
                "respiratory_rate": "74 breaths/min",
                "body_temperature": "37.2 °C",
                "HR_Delta": "8.4 Δ",
                "RespRate_Delta": "7 Δ breaths/min",
                "Temp_Delta": "0.1 °C"
            },
            "pain_level": "Low"
        },
        {
            "timestamp": "2025-03-14 07:33:00",
            "vital_signs": {
                "heart_rate": "149 bpm",
                "respiratory_rate": "71 breaths/min",
                "body_temperature": "37.0 °C",
                "HR_Delta": "27.5 Δ",
                "RespRate_Delta": "2 Δ breaths/min",
                "Temp_Delta": "0.2 °C"
            },
            "pain_level": "Low"
        },
        {
            "timestamp": "2025-03-14 07:38:00",
            "vital_signs": {
                "heart_rate": "106 bpm",
                "respiratory_rate": "58 breaths/min",
                "body_temperature": "36.7 °C",
                "HR_Delta": "64.3 Δ",
                "RespRate_Delta": "13 Δ breaths/min",
                "Temp_Delta": "0.3 °C"
            },
            "pain_level": "Low",
            "intervention": [
                {
                    "type": "position change",
                    "detail": "right lateral"
                }
            ]
        },
        {
            "timestamp": "2025-03-14 07:43:00",
            "vital_signs": {
                "heart_rate": "106 bpm",
                "respiratory_rate": "82 breaths/min",
                "body_temperature": "36.8 °C",
                "HR_Delta": "0.5 Δ",
                "RespRate_Delta": "24 Δ breaths/min",
                "Temp_Delta": "0.1 °C"
            },
            "pain_level": "Low",
            "intervention": [
                {
                    "type": "position change",
                    "detail": "supine"
                }
            ]
        },
        {
            "timestamp": "2025-03-14 07:48:00",
            "vital_signs": {
                "heart_rate": "106 bpm",
                "respiratory_rate": "78 breaths/min",
                "body_temperature": "36.5 °C",
                "HR_Delta": "0.5 Δ",
                "RespRate_Delta": "4 Δ breaths/min",
                "Temp_Delta": "0.3 °C"
            },
            "pain_level": "Low",
            "intervention": [
                {
                    "type": "position change",
                    "detail": "prone"
                }
            ]
        },
        {
            "timestamp": "2025-03-14 07:53:00",
            "vital_signs": {
                "heart_rate": "105 bpm",
                "respiratory_rate": "82 breaths/min",
                "body_temperature": "37.1 °C",
                "HR_Delta": "0.9 Δ",
                "RespRate_Delta": "4 Δ breaths/min",
                "Temp_Delta": "0.6 °C"
            },
            "pain_level": "Low"
        },
        {
            "timestamp": "2025-03-14 07:58:00",
            "vital_signs": {
                "heart_rate": "131 bpm",
                "respiratory_rate": "44 breaths/min",
                "body_temperature": "36.5 °C",
                "HR_Delta": "25.5 Δ",
                "RespRate_Delta": "38 Δ breaths/min",
                "Temp_Delta": "0.6 °C"
            },
            "pain_level": "Low"
        },
        {
            "timestamp": "2025-03-14 08:03:00",
            "vital_signs": {
                "heart_rate": "122 bpm",
                "respiratory_rate": "78 breaths/min",
                "body_temperature": "36.5 °C",
                "HR_Delta": "8.3 Δ",
                "RespRate_Delta": "34 Δ breaths/min",
                "Temp_Delta": "0.0 °C"
            },
            "pain_level": "Low",
            "intervention": [
                {
                    "type": "position change",
                    "detail": "left lateral"
                }
            ]
        },
        {
            "timestamp": "2025-03-14 08:08:00",
            "vital_signs": {
                "heart_rate": "128 bpm",
                "respiratory_rate": "60 breaths/min",
                "body_temperature": "37.1 °C",
                "HR_Delta": "5.5 Δ",
                "RespRate_Delta": "18 Δ breaths/min",
                "Temp_Delta": "0.6 °C"
            },
            "pain_level": "Low"
        },
        {
            "timestamp": "2025-03-14 08:13:00",
            "vital_signs": {
                "heart_rate": "133 bpm",
                "respiratory_rate": "90 breaths/min",
                "body_temperature": "36.7 °C",
                "HR_Delta": "4.9 Δ",
                "RespRate_Delta": "30 Δ breaths/min",
                "Temp_Delta": "0.4 °C"
            },
            "pain_level": "Low"
        },
        {
            "timestamp": "2025-03-14 08:18:00",
            "vital_signs": {
                "heart_rate": "134 bpm",
                "respiratory_rate": "75 breaths/min",
                "body_temperature": "37.0 °C",
                "HR_Delta": "1.0 Δ",
                "RespRate_Delta": "15 Δ breaths/min",
                "Temp_Delta": "0.3 °C"
            },
            "pain_level": "Low"
        },
        {
            "timestamp": "2025-03-14 08:23:00",
            "vital_signs": {
                "heart_rate": "128 bpm",
                "respiratory_rate": "41 breaths/min",
                "body_temperature": "36.8 °C",
                "HR_Delta": "5.6 Δ",
                "RespRate_Delta": "34 Δ breaths/min",
                "Temp_Delta": "0.2 °C"
            },
            "pain_level": "Low"
        },
        {
            "timestamp": "2025-03-14 08:28:00",
            "vital_signs": {
                "heart_rate": "129 bpm",
                "respiratory_rate": "67 breaths/min",
                "body_temperature": "36.9 °C",
                "HR_Delta": "0.3 Δ",
                "RespRate_Delta": "26 Δ breaths/min",
                "Temp_Delta": "0.1 °C"
            },
            "pain_level": "Low"
        }
    ]
}