timestamp,intervention_type,intervention_detail
2025-03-14 15:16:00,diaper change,Scheduled diaper change
2025-03-14 15:16:00,position change,supine
2025-03-14 15:31:00,position change,left lateral
2025-03-14 17:11:00,position change,prone
2025-03-14 17:16:00,position change,supine
2025-03-14 17:56:00,family visitation,
2025-03-14 18:16:00,diaper change,Scheduled diaper change
2025-03-14 19:01:00,position change,left lateral
2025-03-14 19:16:00,position change,supine
2025-03-14 19:31:00,position change,left lateral
2025-03-14 19:31:00,imaging,chest X-ray
2025-03-14 20:11:00,diaper change,
2025-03-14 21:11:00,position change,right lateral
2025-03-14 21:16:00,diaper change,Scheduled diaper change
