{
    "patient_id": "Jonathan Donathan",
    "Sex": "M",
    "Age": "Age: 19 Days",
    "Weight": "3.7 kg",
    "Conditions": [
        "Bradycardia",
        "Tachycardia"
    ],
    "data": [
        {
            "timestamp": "2025-03-14 15:16:00",
            "vital_signs": {
                "heart_rate": "128 bpm",
                "respiratory_rate": "71 breaths/min",
                "body_temperature": "37.2 °C",
                "HR_Delta": null,
                "RespRate_Delta": null,
                "Temp_Delta": null
            },
            "pain_level": "Low",
            "intervention": [
                {
                    "type": "diaper change",
                    "detail": "Scheduled diaper change"
                },
                {
                    "type": "position change",
                    "detail": "supine"
                }
            ]
        },
        {
            "timestamp": "2025-03-14 15:21:00",
            "vital_signs": {
                "heart_rate": "130 bpm",
                "respiratory_rate": "71 breaths/min",
                "body_temperature": "37.2 °C",
                "HR_Delta": "1.2 Δ",
                "RespRate_Delta": "0 Δ breaths/min",
                "Temp_Delta": "0.0 °C"
            },
            "pain_level": "Low"
        },
        {
            "timestamp": "2025-03-14 15:26:00",
            "vital_signs": {
                "heart_rate": "129 bpm",
                "respiratory_rate": "82 breaths/min",
                "body_temperature": "36.9 °C",
                "HR_Delta": "0.8 Δ",
                "RespRate_Delta": "12 Δ breaths/min",
                "Temp_Delta": "0.3 °C"
            },
            "pain_level": "Low"
        },
        {
            "timestamp": "2025-03-14 15:31:00",
            "vital_signs": {
                "heart_rate": "132 bpm",
                "respiratory_rate": "80 breaths/min",
                "body_temperature": "37.3 °C",
                "HR_Delta": "3.8 Δ",
                "RespRate_Delta": "3 Δ breaths/min",
                "Temp_Delta": "0.4 °C"
            },
            "pain_level": "Low",
            "intervention": [
                {
                    "type": "position change",
                    "detail": "left lateral"
                }
            ]
        },
        {
            "timestamp": "2025-03-14 15:36:00",
            "vital_signs": {
                "heart_rate": "130 bpm",
                "respiratory_rate": "69 breaths/min",
                "body_temperature": "37.4 °C",
                "HR_Delta": "2.6 Δ",
                "RespRate_Delta": "11 Δ breaths/min",
                "Temp_Delta": "0.1 °C"
            },
            "pain_level": "Low"
        },
        {
            "timestamp": "2025-03-14 15:41:00",
            "vital_signs": {
                "heart_rate": "145 bpm",
                "respiratory_rate": "35 breaths/min",
                "body_temperature": "36.6 °C",
                "HR_Delta": "15.6 Δ",
                "RespRate_Delta": "34 Δ breaths/min",
                "Temp_Delta": "0.8 °C"
            },
            "pain_level": "Low"
        },
        {
            "timestamp": "2025-03-14 15:46:00",
            "vital_signs": {
                "heart_rate": "140 bpm",
                "respiratory_rate": "31 breaths/min",
                "body_temperature": "37.0 °C",
                "HR_Delta": "5.4 Δ",
                "RespRate_Delta": "4 Δ breaths/min",
                "Temp_Delta": "0.4 °C"
            },
            "pain_level": "Low"
        },
        {
            "timestamp": "2025-03-14 15:51:00",
            "vital_signs": {
                "heart_rate": "130 bpm",
                "respiratory_rate": "34 breaths/min",
                "body_temperature": "36.8 °C",
                "HR_Delta": "9.7 Δ",
                "RespRate_Delta": "3 Δ breaths/min",
                "Temp_Delta": "0.2 °C"
            },
            "pain_level": "Low"
        },
        {
            "timestamp": "2025-03-14 15:56:00",
            "vital_signs": {
                "heart_rate": "141 bpm",
                "respiratory_rate": "49 breaths/min",
                "body_temperature": "36.7 °C",
                "HR_Delta": "10.8 Δ",
                "RespRate_Delta": "15 Δ breaths/min",
                "Temp_Delta": "0.1 °C"
            },
            "pain_level": "Low"
        },
        {
            "timestamp": "2025-03-14 16:01:00",
            "vital_signs": {
                "heart_rate": "133 bpm",
                "respiratory_rate": "62 breaths/min",
                "body_temperature": "37.2 °C",
                "HR_Delta": "7.9 Δ",
                "RespRate_Delta": "14 Δ breaths/min",
                "Temp_Delta": "0.5 °C"
            },
            "pain_level": "Low"
        },
        {
            "timestamp": "2025-03-14 16:06:00",
            "vital_signs": {
                "heart_rate": "131 bpm",
                "respiratory_rate": "42 breaths/min",
                "body_temperature": "37.4 °C",
                "HR_Delta": "1.7 Δ",
                "RespRate_Delta": "20 Δ breaths/min",
                "Temp_Delta": "0.2 °C"
            },
            "pain_level": "Low"
        },
        {
            "timestamp": "2025-03-14 16:11:00",
            "vital_signs": {
                "heart_rate": "138 bpm",
                "respiratory_rate": "83 breaths/min",
                "body_temperature": "36.9 °C",
                "HR_Delta": "6.9 Δ",
                "RespRate_Delta": "42 Δ breaths/min",
                "Temp_Delta": "0.5 °C"
            },
            "pain_level": "Low"
        },
        {
            "timestamp": "2025-03-14 16:16:00",
            "vital_signs": {
                "heart_rate": "143 bpm",
                "respiratory_rate": "38 breaths/min",
                "body_temperature": "36.7 °C",
                "HR_Delta": "4.5 Δ",
                "RespRate_Delta": "45 Δ breaths/min",
                "Temp_Delta": "0.2 °C"
            },
            "pain_level": "Low"
        },
        {
            "timestamp": "2025-03-14 16:21:00",
            "vital_signs": {
                "heart_rate": "129 bpm",
                "respiratory_rate": "39 breaths/min",
                "body_temperature": "36.9 °C",
                "HR_Delta": "13.4 Δ",
                "RespRate_Delta": "1 Δ breaths/min",
                "Temp_Delta": "0.2 °C"
            },
            "pain_level": "Low"
        },
        {
            "timestamp": "2025-03-14 16:26:00",
            "vital_signs": {
                "heart_rate": "107 bpm",
                "respiratory_rate": "80 breaths/min",
                "body_temperature": "37.0 °C",
                "HR_Delta": "22.7 Δ",
                "RespRate_Delta": "41 Δ breaths/min",
                "Temp_Delta": "0.1 °C"
            },
            "pain_level": "Low"
        },
        {
            "timestamp": "2025-03-14 16:31:00",
            "vital_signs": {
                "heart_rate": "106 bpm",
                "respiratory_rate": "88 breaths/min",
                "body_temperature": "36.9 °C",
                "HR_Delta": "1.1 Δ",
                "RespRate_Delta": "7 Δ breaths/min",
                "Temp_Delta": "0.1 °C"
            },
            "pain_level": "Low"
        },
        {
            "timestamp": "2025-03-14 16:36:00",
            "vital_signs": {
                "heart_rate": "107 bpm",
                "respiratory_rate": "42 breaths/min",
                "body_temperature": "37.1 °C",
                "HR_Delta": "1.1 Δ",
                "RespRate_Delta": "46 Δ breaths/min",
                "Temp_Delta": "0.2 °C"
            },
            "pain_level": "Low"
        },
        {
            "timestamp": "2025-03-14 16:41:00",
            "vital_signs": {
                "heart_rate": "105 bpm",
                "respiratory_rate": "60 breaths/min",
                "body_temperature": "36.7 °C",
                "HR_Delta": "2.1 Δ",
                "RespRate_Delta": "18 Δ breaths/min",
                "Temp_Delta": "0.4 °C"
            },
            "pain_level": "Low"
        },
        {
            "timestamp": "2025-03-14 16:46:00",
            "vital_signs": {
                "heart_rate": "129 bpm",
                "respiratory_rate": "69 breaths/min",
                "body_temperature": "36.6 °C",
                "HR_Delta": "24.1 Δ",
                "RespRate_Delta": "9 Δ breaths/min",
                "Temp_Delta": "0.1 °C"
            },
            "pain_level": "Low"
        },
        {
            "timestamp": "2025-03-14 16:51:00",
            "vital_signs": {
                "heart_rate": "121 bpm",
                "respiratory_rate": "87 breaths/min",
                "body_temperature": "37.2 °C",
                "HR_Delta": "7.5 Δ",
                "RespRate_Delta": "18 Δ breaths/min",
                "Temp_Delta": "0.6 °C"
            },
            "pain_level": "Low"
        },
        {
            "timestamp": "2025-03-14 16:56:00",
            "vital_signs": {
                "heart_rate": "128 bpm",
                "respiratory_rate": "44 breaths/min",
                "body_temperature": "36.8 °C",
                "HR_Delta": "6.5 Δ",
                "RespRate_Delta": "43 Δ breaths/min",
                "Temp_Delta": "0.4 °C"
            },
            "pain_level": "Low"
        },
        {
            "timestamp": "2025-03-14 17:01:00",
            "vital_signs": {
                "heart_rate": "135 bpm",
                "respiratory_rate": "69 breaths/min",
                "body_temperature": "36.7 °C",
                "HR_Delta": "7.2 Δ",
                "RespRate_Delta": "25 Δ breaths/min",
                "Temp_Delta": "0.1 °C"
            },
            "pain_level": "Low"
        },
        {
            "timestamp": "2025-03-14 17:06:00",
            "vital_signs": {
                "heart_rate": "133 bpm",
                "respiratory_rate": "76 breaths/min",
                "body_temperature": "37.0 °C",
                "HR_Delta": "2.3 Δ",
                "RespRate_Delta": "7 Δ breaths/min",
                "Temp_Delta": "0.3 °C"
            },
            "pain_level": "Low"
        },
        {
            "timestamp": "2025-03-14 17:11:00",
            "vital_signs": {
                "heart_rate": "130 bpm",
                "respiratory_rate": "43 breaths/min",
                "body_temperature": "37.1 °C",
                "HR_Delta": "2.2 Δ",
                "RespRate_Delta": "33 Δ breaths/min",
                "Temp_Delta": "0.1 °C"
            },
            "pain_level": "Low",
            "intervention": [
                {
                    "type": "position change",
                    "detail": "prone"
                }
            ]
        },
        {
            "timestamp": "2025-03-14 17:16:00",
            "vital_signs": {
                "heart_rate": "131 bpm",
                "respiratory_rate": "52 breaths/min",
                "body_temperature": "37.4 °C",
                "HR_Delta": "0.4 Δ",
                "RespRate_Delta": "9 Δ breaths/min",
                "Temp_Delta": "0.3 °C"
            },
            "pain_level": "Low",
            "intervention": [
                {
                    "type": "position change",
                    "detail": "supine"
                }
            ]
        },
        {
            "timestamp": "2025-03-14 17:21:00",
            "vital_signs": {
                "heart_rate": "129 bpm",
                "respiratory_rate": "57 breaths/min",
                "body_temperature": "36.7 °C",
                "HR_Delta": "1.9 Δ",
                "RespRate_Delta": "5 Δ breaths/min",
                "Temp_Delta": "0.7 °C"
            },
            "pain_level": "Low"
        },
        {
            "timestamp": "2025-03-14 17:26:00",
            "vital_signs": {
                "heart_rate": "131 bpm",
                "respiratory_rate": "74 breaths/min",
                "body_temperature": "37.2 °C",
                "HR_Delta": "1.7 Δ",
                "RespRate_Delta": "17 Δ breaths/min",
                "Temp_Delta": "0.5 °C"
            },
            "pain_level": "Low"
        },
        {
            "timestamp": "2025-03-14 17:31:00",
            "vital_signs": {
                "heart_rate": "130 bpm",
                "respiratory_rate": "95 breaths/min",
                "body_temperature": "36.7 °C",
                "HR_Delta": "0.8 Δ",
                "RespRate_Delta": "21 Δ breaths/min",
                "Temp_Delta": "0.5 °C"
            },
            "pain_level": "Low"
        },
        {
            "timestamp": "2025-03-14 17:36:00",
            "vital_signs": {
                "heart_rate": "136 bpm",
                "respiratory_rate": "83 breaths/min",
                "body_temperature": "36.8 °C",
                "HR_Delta": "6.5 Δ",
                "RespRate_Delta": "13 Δ breaths/min",
                "Temp_Delta": "0.1 °C"
            },
            "pain_level": "Low"
        },
        {
            "timestamp": "2025-03-14 17:41:00",
            "vital_signs": {
                "heart_rate": "147 bpm",
                "respiratory_rate": "67 breaths/min",
                "body_temperature": "36.9 °C",
                "HR_Delta": "10.8 Δ",
                "RespRate_Delta": "16 Δ breaths/min",
                "Temp_Delta": "0.1 °C"
            },
            "pain_level": "Low"
        },
        {
            "timestamp": "2025-03-14 17:46:00",
            "vital_signs": {
                "heart_rate": "141 bpm",
                "respiratory_rate": "38 breaths/min",
                "body_temperature": "37.0 °C",
                "HR_Delta": "5.9 Δ",
                "RespRate_Delta": "28 Δ breaths/min",
                "Temp_Delta": "0.1 °C"
            },
            "pain_level": "Low"
        },
        {
            "timestamp": "2025-03-14 17:51:00",
            "vital_signs": {
                "heart_rate": "132 bpm",
                "respiratory_rate": "59 breaths/min",
                "body_temperature": "37.3 °C",
                "HR_Delta": "9.0 Δ",
                "RespRate_Delta": "20 Δ breaths/min",
                "Temp_Delta": "0.3 °C"
            },
            "pain_level": "Low"
        },
        {
            "timestamp": "2025-03-14 17:56:00",
            "vital_signs": {
                "heart_rate": "136 bpm",
                "respiratory_rate": "41 breaths/min",
                "body_temperature": "36.7 °C",
                "HR_Delta": "4.3 Δ",
                "RespRate_Delta": "17 Δ breaths/min",
                "Temp_Delta": "0.6 °C"
            },
            "pain_level": "Low",
            "intervention": [
                {
                    "type": "family visitation",
                    "detail": null
                }
            ]
        },
        {
            "timestamp": "2025-03-14 18:01:00",
            "vital_signs": {
                "heart_rate": "128 bpm",
                "respiratory_rate": "73 breaths/min",
                "body_temperature": "36.7 °C",
                "HR_Delta": "8.0 Δ",
                "RespRate_Delta": "31 Δ breaths/min",
                "Temp_Delta": "0.0 °C"
            },
            "pain_level": "Low"
        },
        {
            "timestamp": "2025-03-14 18:06:00",
            "vital_signs": {
                "heart_rate": "135 bpm",
                "respiratory_rate": "36 breaths/min",
                "body_temperature": "37.0 °C",
                "HR_Delta": "6.7 Δ",
                "RespRate_Delta": "37 Δ breaths/min",
                "Temp_Delta": "0.3 °C"
            },
            "pain_level": "Low"
        },
        {
            "timestamp": "2025-03-14 18:11:00",
            "vital_signs": {
                "heart_rate": "147 bpm",
                "respiratory_rate": "36 breaths/min",
                "body_temperature": "36.6 °C",
                "HR_Delta": "11.5 Δ",
                "RespRate_Delta": "0 Δ breaths/min",
                "Temp_Delta": "0.4 °C"
            },
            "pain_level": "Low"
        },
        {
            "timestamp": "2025-03-14 18:16:00",
            "vital_signs": {
                "heart_rate": "133 bpm",
                "respiratory_rate": "79 breaths/min",
                "body_temperature": "37.3 °C",
                "HR_Delta": "13.7 Δ",
                "RespRate_Delta": "43 Δ breaths/min",
                "Temp_Delta": "0.7 °C"
            },
            "pain_level": "Low",
            "intervention": [
                {
                    "type": "diaper change",
                    "detail": "Scheduled diaper change"
                }
            ]
        },
        {
            "timestamp": "2025-03-14 18:21:00",
            "vital_signs": {
                "heart_rate": "139 bpm",
                "respiratory_rate": "80 breaths/min",
                "body_temperature": "37.1 °C",
                "HR_Delta": "5.7 Δ",
                "RespRate_Delta": "1 Δ breaths/min",
                "Temp_Delta": "0.2 °C"
            },
            "pain_level": "Low"
        },
        {
            "timestamp": "2025-03-14 18:26:00",
            "vital_signs": {
                "heart_rate": "171 bpm",
                "respiratory_rate": "73 breaths/min",
                "body_temperature": "37.1 °C",
                "HR_Delta": "47.5 Δ",
                "RespRate_Delta": "7 Δ breaths/min",
                "Temp_Delta": "0.0 °C"
            },
            "pain_level": "Low"
        },
        {
            "timestamp": "2025-03-14 18:31:00",
            "vital_signs": {
                "heart_rate": "181 bpm",
                "respiratory_rate": "72 breaths/min",
                "body_temperature": "36.6 °C",
                "HR_Delta": "10.1 Δ",
                "RespRate_Delta": "0 Δ breaths/min",
                "Temp_Delta": "0.5 °C"
            },
            "pain_level": "Low"
        },
        {
            "timestamp": "2025-03-14 18:36:00",
            "vital_signs": {
                "heart_rate": "181 bpm",
                "respiratory_rate": "74 breaths/min",
                "body_temperature": "36.6 °C",
                "HR_Delta": "0.4 Δ",
                "RespRate_Delta": "2 Δ breaths/min",
                "Temp_Delta": "0.0 °C"
            },
            "pain_level": "Low"
        },
        {
            "timestamp": "2025-03-14 18:41:00",
            "vital_signs": {
                "heart_rate": "149 bpm",
                "respiratory_rate": "79 breaths/min",
                "body_temperature": "36.9 °C",
                "HR_Delta": "47.7 Δ",
                "RespRate_Delta": "5 Δ breaths/min",
                "Temp_Delta": "0.3 °C"
            },
            "pain_level": "Low"
        },
        {
            "timestamp": "2025-03-14 18:46:00",
            "vital_signs": {
                "heart_rate": "126 bpm",
                "respiratory_rate": "67 breaths/min",
                "body_temperature": "36.9 °C",
                "HR_Delta": "23.2 Δ",
                "RespRate_Delta": "13 Δ breaths/min",
                "Temp_Delta": "0.0 °C"
            },
            "pain_level": "Low"
        },
        {
            "timestamp": "2025-03-14 18:51:00",
            "vital_signs": {
                "heart_rate": "141 bpm",
                "respiratory_rate": "57 breaths/min",
                "body_temperature": "36.5 °C",
                "HR_Delta": "14.8 Δ",
                "RespRate_Delta": "9 Δ breaths/min",
                "Temp_Delta": "0.4 °C"
            },
            "pain_level": "Low"
        },
        {
            "timestamp": "2025-03-14 18:56:00",
            "vital_signs": {
                "heart_rate": "133 bpm",
                "respiratory_rate": "70 breaths/min",
                "body_temperature": "36.7 °C",
                "HR_Delta": "7.5 Δ",
                "RespRate_Delta": "13 Δ breaths/min",
                "Temp_Delta": "0.2 °C"
            },
            "pain_level": "Low"
        },
        {
            "timestamp": "2025-03-14 19:01:00",
            "vital_signs": {
                "heart_rate": "146 bpm",
                "respiratory_rate": "71 breaths/min",
                "body_temperature": "37.0 °C",
                "HR_Delta": "12.7 Δ",
                "RespRate_Delta": "1 Δ breaths/min",
                "Temp_Delta": "0.3 °C"
            },
            "pain_level": "Low",
            "intervention": [
                {
                    "type": "position change",
                    "detail": "left lateral"
                }
            ]
        },
        {
            "timestamp": "2025-03-14 19:06:00",
            "vital_signs": {
                "heart_rate": "127 bpm",
                "respiratory_rate": "40 breaths/min",
                "body_temperature": "36.8 °C",
                "HR_Delta": "19.2 Δ",
                "RespRate_Delta": "31 Δ breaths/min",
                "Temp_Delta": "0.2 °C"
            },
            "pain_level": "Low"
        },
        {
            "timestamp": "2025-03-14 19:11:00",
            "vital_signs": {
                "heart_rate": "130 bpm",
                "respiratory_rate": "70 breaths/min",
                "body_temperature": "36.5 °C",
                "HR_Delta": "3.0 Δ",
                "RespRate_Delta": "30 Δ breaths/min",
                "Temp_Delta": "0.3 °C"
            },
            "pain_level": "Low"
        },
        {
            "timestamp": "2025-03-14 19:16:00",
            "vital_signs": {
                "heart_rate": "126 bpm",
                "respiratory_rate": "86 breaths/min",
                "body_temperature": "36.7 °C",
                "HR_Delta": "3.9 Δ",
                "RespRate_Delta": "17 Δ breaths/min",
                "Temp_Delta": "0.2 °C"
            },
            "pain_level": "Low",
            "intervention": [
                {
                    "type": "position change",
                    "detail": "supine"
                }
            ]
        },
        {
            "timestamp": "2025-03-14 19:21:00",
            "vital_signs": {
                "heart_rate": "121 bpm",
                "respiratory_rate": "91 breaths/min",
                "body_temperature": "36.7 °C",
                "HR_Delta": "5.3 Δ",
                "RespRate_Delta": "5 Δ breaths/min",
                "Temp_Delta": "0.0 °C"
            },
            "pain_level": "Low"
        },
        {
            "timestamp": "2025-03-14 19:26:00",
            "vital_signs": {
                "heart_rate": "122 bpm",
                "respiratory_rate": "42 breaths/min",
                "body_temperature": "37.2 °C",
                "HR_Delta": "1.3 Δ",
                "RespRate_Delta": "49 Δ breaths/min",
                "Temp_Delta": "0.5 °C"
            },
            "pain_level": "Low"
        },
        {
            "timestamp": "2025-03-14 19:31:00",
            "vital_signs": {
                "heart_rate": "131 bpm",
                "respiratory_rate": "62 breaths/min",
                "body_temperature": "37.2 °C",
                "HR_Delta": "9.2 Δ",
                "RespRate_Delta": "21 Δ breaths/min",
                "Temp_Delta": "0.0 °C"
            },
            "pain_level": "Low",
            "intervention": [
                {
                    "type": "position change",
                    "detail": "left lateral"
                },
                {
                    "type": "imaging",
                    "detail": "chest X-ray"
                }
            ]
        },
        {
            "timestamp": "2025-03-14 19:36:00",
            "vital_signs": {
                "heart_rate": "142 bpm",
                "respiratory_rate": "40 breaths/min",
                "body_temperature": "37.1 °C",
                "HR_Delta": "10.6 Δ",
                "RespRate_Delta": "22 Δ breaths/min",
                "Temp_Delta": "0.1 °C"
            },
            "pain_level": "Low"
        },
        {
            "timestamp": "2025-03-14 19:41:00",
            "vital_signs": {
                "heart_rate": "129 bpm",
                "respiratory_rate": "67 breaths/min",
                "body_temperature": "36.6 °C",
                "HR_Delta": "12.8 Δ",
                "RespRate_Delta": "27 Δ breaths/min",
                "Temp_Delta": "0.5 °C"
            },
            "pain_level": "Low"
        },
        {
            "timestamp": "2025-03-14 19:46:00",
            "vital_signs": {
                "heart_rate": "142 bpm",
                "respiratory_rate": "69 breaths/min",
                "body_temperature": "36.6 °C",
                "HR_Delta": "12.8 Δ",
                "RespRate_Delta": "2 Δ breaths/min",
                "Temp_Delta": "0.0 °C"
            },
            "pain_level": "Low"
        },
        {
            "timestamp": "2025-03-14 19:51:00",
            "vital_signs": {
                "heart_rate": "130 bpm",
                "respiratory_rate": "82 breaths/min",
                "body_temperature": "37.2 °C",
                "HR_Delta": "11.6 Δ",
                "RespRate_Delta": "13 Δ breaths/min",
                "Temp_Delta": "0.6 °C"
            },
            "pain_level": "Low"
        },
        {
            "timestamp": "2025-03-14 19:56:00",
            "vital_signs": {
                "heart_rate": "148 bpm",
                "respiratory_rate": "90 breaths/min",
                "body_temperature": "37.1 °C",
                "HR_Delta": "17.9 Δ",
                "RespRate_Delta": "8 Δ breaths/min",
                "Temp_Delta": "0.1 °C"
            },
            "pain_level": "Low"
        },
        {
            "timestamp": "2025-03-14 20:01:00",
            "vital_signs": {
                "heart_rate": "136 bpm",
                "respiratory_rate": "48 breaths/min",
                "body_temperature": "37.2 °C",
                "HR_Delta": "11.8 Δ",
                "RespRate_Delta": "42 Δ breaths/min",
                "Temp_Delta": "0.1 °C"
            },
            "pain_level": "Low"
        },
        {
            "timestamp": "2025-03-14 20:06:00",
            "vital_signs": {
                "heart_rate": "130 bpm",
                "respiratory_rate": "73 breaths/min",
                "body_temperature": "37.0 °C",
                "HR_Delta": "6.2 Δ",
                "RespRate_Delta": "25 Δ breaths/min",
                "Temp_Delta": "0.2 °C"
            },
            "pain_level": "Low"
        },
        {
            "timestamp": "2025-03-14 20:11:00",
            "vital_signs": {
                "heart_rate": "126 bpm",
                "respiratory_rate": "81 breaths/min",
                "body_temperature": "36.7 °C",
                "HR_Delta": "4.3 Δ",
                "RespRate_Delta": "8 Δ breaths/min",
                "Temp_Delta": "0.3 °C"
            },
            "pain_level": "Low",
            "intervention": [
                {
                    "type": "diaper change",
                    "detail": null
                }
            ]
        },
        {
            "timestamp": "2025-03-14 20:16:00",
            "vital_signs": {
                "heart_rate": "143 bpm",
                "respiratory_rate": "75 breaths/min",
                "body_temperature": "36.8 °C",
                "HR_Delta": "17.8 Δ",
                "RespRate_Delta": "6 Δ breaths/min",
                "Temp_Delta": "0.1 °C"
            },
            "pain_level": "Low"
        },
        {
            "timestamp": "2025-03-14 20:21:00",
            "vital_signs": {
                "heart_rate": "144 bpm",
                "respiratory_rate": "58 breaths/min",
                "body_temperature": "37.0 °C",
                "HR_Delta": "0.2 Δ",
                "RespRate_Delta": "17 Δ breaths/min",
                "Temp_Delta": "0.2 °C"
            },
            "pain_level": "Low"
        },
        {
            "timestamp": "2025-03-14 20:26:00",
            "vital_signs": {
                "heart_rate": "130 bpm",
                "respiratory_rate": "66 breaths/min",
                "body_temperature": "36.9 °C",
                "HR_Delta": "13.6 Δ",
                "RespRate_Delta": "8 Δ breaths/min",
                "Temp_Delta": "0.1 °C"
            },
            "pain_level": "Low"
        },
        {
            "timestamp": "2025-03-14 20:31:00",
            "vital_signs": {
                "heart_rate": "133 bpm",
                "respiratory_rate": "71 breaths/min",
                "body_temperature": "36.6 °C",
                "HR_Delta": "2.9 Δ",
                "RespRate_Delta": "5 Δ breaths/min",
                "Temp_Delta": "0.3 °C"
            },
            "pain_level": "Low"
        },
        {
            "timestamp": "2025-03-14 20:36:00",
            "vital_signs": {
                "heart_rate": "139 bpm",
                "respiratory_rate": "72 breaths/min",
                "body_temperature": "37.3 °C",
                "HR_Delta": "6.1 Δ",
                "RespRate_Delta": "1 Δ breaths/min",
                "Temp_Delta": "0.7 °C"
            },
            "pain_level": "Low"
        },
        {
            "timestamp": "2025-03-14 20:41:00",
            "vital_signs": {
                "heart_rate": "133 bpm",
                "respiratory_rate": "35 breaths/min",
                "body_temperature": "36.5 °C",
                "HR_Delta": "6.6 Δ",
                "RespRate_Delta": "37 Δ breaths/min",
                "Temp_Delta": "0.8 °C"
            },
            "pain_level": "Low"
        },
        {
            "timestamp": "2025-03-14 20:46:00",
            "vital_signs": {
                "heart_rate": "124 bpm",
                "respiratory_rate": "35 breaths/min",
                "body_temperature": "37.1 °C",
                "HR_Delta": "8.8 Δ",
                "RespRate_Delta": "0 Δ breaths/min",
                "Temp_Delta": "0.6 °C"
            },
            "pain_level": "Low"
        },
        {
            "timestamp": "2025-03-14 20:51:00",
            "vital_signs": {
                "heart_rate": "139 bpm",
                "respiratory_rate": "65 breaths/min",
                "body_temperature": "36.7 °C",
                "HR_Delta": "14.8 Δ",
                "RespRate_Delta": "30 Δ breaths/min",
                "Temp_Delta": "0.4 °C"
            },
            "pain_level": "Low"
        },
        {
            "timestamp": "2025-03-14 20:56:00",
            "vital_signs": {
                "heart_rate": "135 bpm",
                "respiratory_rate": "40 breaths/min",
                "body_temperature": "37.0 °C",
                "HR_Delta": "3.9 Δ",
                "RespRate_Delta": "26 Δ breaths/min",
                "Temp_Delta": "0.3 °C"
            },
            "pain_level": "Low"
        },
        {
            "timestamp": "2025-03-14 21:01:00",
            "vital_signs": {
                "heart_rate": "133 bpm",
                "respiratory_rate": "69 breaths/min",
                "body_temperature": "36.5 °C",
                "HR_Delta": "1.7 Δ",
                "RespRate_Delta": "29 Δ breaths/min",
                "Temp_Delta": "0.5 °C"
            },
            "pain_level": "Low"
        },
        {
            "timestamp": "2025-03-14 21:06:00",
            "vital_signs": {
                "heart_rate": "132 bpm",
                "respiratory_rate": "71 breaths/min",
                "body_temperature": "37.3 °C",
                "HR_Delta": "0.9 Δ",
                "RespRate_Delta": "1 Δ breaths/min",
                "Temp_Delta": "0.8 °C"
            },
            "pain_level": "Low"
        },
        {
            "timestamp": "2025-03-14 21:11:00",
            "vital_signs": {
                "heart_rate": "125 bpm",
                "respiratory_rate": "67 breaths/min",
                "body_temperature": "37.2 °C",
                "HR_Delta": "6.5 Δ",
                "RespRate_Delta": "4 Δ breaths/min",
                "Temp_Delta": "0.1 °C"
            },
            "pain_level": "Low",
            "intervention": [
                {
                    "type": "position change",
                    "detail": "right lateral"
                }
            ]
        },
        {
            "timestamp": "2025-03-14 21:16:00",
            "vital_signs": {
                "heart_rate": "141 bpm",
                "respiratory_rate": "68 breaths/min",
                "body_temperature": "36.9 °C",
                "HR_Delta": "15.9 Δ",
                "RespRate_Delta": "1 Δ breaths/min",
                "Temp_Delta": "0.3 °C"
            },
            "pain_level": "Low",
            "intervention": [
                {
                    "type": "diaper change",
                    "detail": "Scheduled diaper change"
                }
            ]
        },
        {
            "timestamp": "2025-03-14 21:21:00",
            "vital_signs": {
                "heart_rate": "127 bpm",
                "respiratory_rate": "92 breaths/min",
                "body_temperature": "36.8 °C",
                "HR_Delta": "14.1 Δ",
                "RespRate_Delta": "24 Δ breaths/min",
                "Temp_Delta": "0.1 °C"
            },
            "pain_level": "Low"
        },
        {
            "timestamp": "2025-03-14 21:26:00",
            "vital_signs": {
                "heart_rate": "136 bpm",
                "respiratory_rate": "72 breaths/min",
                "body_temperature": "37.0 °C",
                "HR_Delta": "8.7 Δ",
                "RespRate_Delta": "21 Δ breaths/min",
                "Temp_Delta": "0.2 °C"
            },
            "pain_level": "Low"
        },
        {
            "timestamp": "2025-03-14 21:31:00",
            "vital_signs": {
                "heart_rate": "149 bpm",
                "respiratory_rate": "81 breaths/min",
                "body_temperature": "36.7 °C",
                "HR_Delta": "13.1 Δ",
                "RespRate_Delta": "9 Δ breaths/min",
                "Temp_Delta": "0.3 °C"
            },
            "pain_level": "Low"
        },
        {
            "timestamp": "2025-03-14 21:36:00",
            "vital_signs": {
                "heart_rate": "130 bpm",
                "respiratory_rate": "80 breaths/min",
                "body_temperature": "37.3 °C",
                "HR_Delta": "19.1 Δ",
                "RespRate_Delta": "1 Δ breaths/min",
                "Temp_Delta": "0.6 °C"
            },
            "pain_level": "Low"
        },
        {
            "timestamp": "2025-03-14 21:41:00",
            "vital_signs": {
                "heart_rate": "125 bpm",
                "respiratory_rate": "73 breaths/min",
                "body_temperature": "36.8 °C",
                "HR_Delta": "4.6 Δ",
                "RespRate_Delta": "7 Δ breaths/min",
                "Temp_Delta": "0.5 °C"
            },
            "pain_level": "Low"
        },
        {
            "timestamp": "2025-03-14 21:46:00",
            "vital_signs": {
                "heart_rate": "134 bpm",
                "respiratory_rate": "47 breaths/min",
                "body_temperature": "37.0 °C",
                "HR_Delta": "9.1 Δ",
                "RespRate_Delta": "26 Δ breaths/min",
                "Temp_Delta": "0.2 °C"
            },
            "pain_level": "Low"
        },
        {
            "timestamp": "2025-03-14 21:51:00",
            "vital_signs": {
                "heart_rate": "134 bpm",
                "respiratory_rate": "90 breaths/min",
                "body_temperature": "36.7 °C",
                "HR_Delta": "0.5 Δ",
                "RespRate_Delta": "43 Δ breaths/min",
                "Temp_Delta": "0.3 °C"
            },
            "pain_level": "Low"
        },
        {
            "timestamp": "2025-03-14 21:56:00",
            "vital_signs": {
                "heart_rate": "130 bpm",
                "respiratory_rate": "98 breaths/min",
                "body_temperature": "37.3 °C",
                "HR_Delta": "4.0 Δ",
                "RespRate_Delta": "8 Δ breaths/min",
                "Temp_Delta": "0.6 °C"
            },
            "pain_level": "Low"
        },
        {
            "timestamp": "2025-03-14 22:01:00",
            "vital_signs": {
                "heart_rate": "125 bpm",
                "respiratory_rate": "91 breaths/min",
                "body_temperature": "37.3 °C",
                "HR_Delta": "4.7 Δ",
                "RespRate_Delta": "7 Δ breaths/min",
                "Temp_Delta": "0.0 °C"
            },
            "pain_level": "Low"
        },
        {
            "timestamp": "2025-03-14 22:06:00",
            "vital_signs": {
                "heart_rate": "129 bpm",
                "respiratory_rate": "97 breaths/min",
                "body_temperature": "36.5 °C",
                "HR_Delta": "4.3 Δ",
                "RespRate_Delta": "6 Δ breaths/min",
                "Temp_Delta": "0.8 °C"
            },
            "pain_level": "Low"
        },
        {
            "timestamp": "2025-03-14 22:11:00",
            "vital_signs": {
                "heart_rate": "138 bpm",
                "respiratory_rate": "83 breaths/min",
                "body_temperature": "37.2 °C",
                "HR_Delta": "8.0 Δ",
                "RespRate_Delta": "14 Δ breaths/min",
                "Temp_Delta": "0.7 °C"
            },
            "pain_level": "Low"
        },
        {
            "timestamp": "2025-03-14 22:16:00",
            "vital_signs": {
                "heart_rate": "139 bpm",
                "respiratory_rate": "73 breaths/min",
                "body_temperature": "37.2 °C",
                "HR_Delta": "1.0 Δ",
                "RespRate_Delta": "10 Δ breaths/min",
                "Temp_Delta": "0.0 °C"
            },
            "pain_level": "Low"
        },
        {
            "timestamp": "2025-03-14 22:21:00",
            "vital_signs": {
                "heart_rate": "126 bpm",
                "respiratory_rate": "65 breaths/min",
                "body_temperature": "36.5 °C",
                "HR_Delta": "13.0 Δ",
                "RespRate_Delta": "8 Δ breaths/min",
                "Temp_Delta": "0.7 °C"
            },
            "pain_level": "Low"
        },
        {
            "timestamp": "2025-03-14 22:26:00",
            "vital_signs": {
                "heart_rate": "127 bpm",
                "respiratory_rate": "69 breaths/min",
                "body_temperature": "37.0 °C",
                "HR_Delta": "1.6 Δ",
                "RespRate_Delta": "4 Δ breaths/min",
                "Temp_Delta": "0.5 °C"
            },
            "pain_level": "Low"
        },
        {
            "timestamp": "2025-03-14 22:31:00",
            "vital_signs": {
                "heart_rate": "126 bpm",
                "respiratory_rate": "79 breaths/min",
                "body_temperature": "37.3 °C",
                "HR_Delta": "0.7 Δ",
                "RespRate_Delta": "9 Δ breaths/min",
                "Temp_Delta": "0.3 °C"
            },
            "pain_level": "Low"
        },
        {
            "timestamp": "2025-03-14 22:36:00",
            "vital_signs": {
                "heart_rate": "140 bpm",
                "respiratory_rate": "80 breaths/min",
                "body_temperature": "36.6 °C",
                "HR_Delta": "13.8 Δ",
                "RespRate_Delta": "1 Δ breaths/min",
                "Temp_Delta": "0.7 °C"
            },
            "pain_level": "Low"
        },
        {
            "timestamp": "2025-03-14 22:41:00",
            "vital_signs": {
                "heart_rate": "130 bpm",
                "respiratory_rate": "42 breaths/min",
                "body_temperature": "37.1 °C",
                "HR_Delta": "10.5 Δ",
                "RespRate_Delta": "38 Δ breaths/min",
                "Temp_Delta": "0.5 °C"
            },
            "pain_level": "Low"
        },
        {
            "timestamp": "2025-03-14 22:46:00",
            "vital_signs": {
                "heart_rate": "132 bpm",
                "respiratory_rate": "69 breaths/min",
                "body_temperature": "37.3 °C",
                "HR_Delta": "2.5 Δ",
                "RespRate_Delta": "27 Δ breaths/min",
                "Temp_Delta": "0.2 °C"
            },
            "pain_level": "Low"
        },
        {
            "timestamp": "2025-03-14 22:51:00",
            "vital_signs": {
                "heart_rate": "130 bpm",
                "respiratory_rate": "73 breaths/min",
                "body_temperature": "37.3 °C",
                "HR_Delta": "2.3 Δ",
                "RespRate_Delta": "3 Δ breaths/min",
                "Temp_Delta": "0.0 °C"
            },
            "pain_level": "Low"
        },
        {
            "timestamp": "2025-03-14 22:56:00",
            "vital_signs": {
                "heart_rate": "129 bpm",
                "respiratory_rate": "67 breaths/min",
                "body_temperature": "37.2 °C",
                "HR_Delta": "0.6 Δ",
                "RespRate_Delta": "6 Δ breaths/min",
                "Temp_Delta": "0.1 °C"
            },
            "pain_level": "Low"
        },
        {
            "timestamp": "2025-03-14 23:01:00",
            "vital_signs": {
                "heart_rate": "130 bpm",
                "respiratory_rate": "40 breaths/min",
                "body_temperature": "37.3 °C",
                "HR_Delta": "0.8 Δ",
                "RespRate_Delta": "26 Δ breaths/min",
                "Temp_Delta": "0.1 °C"
            },
            "pain_level": "Low"
        },
        {
            "timestamp": "2025-03-14 23:06:00",
            "vital_signs": {
                "heart_rate": "125 bpm",
                "respiratory_rate": "74 breaths/min",
                "body_temperature": "37.2 °C",
                "HR_Delta": "4.9 Δ",
                "RespRate_Delta": "34 Δ breaths/min",
                "Temp_Delta": "0.1 °C"
            },
            "pain_level": "Low"
        },
        {
            "timestamp": "2025-03-14 23:11:00",
            "vital_signs": {
                "heart_rate": "125 bpm",
                "respiratory_rate": "78 breaths/min",
                "body_temperature": "37.1 °C",
                "HR_Delta": "0.0 Δ",
                "RespRate_Delta": "4 Δ breaths/min",
                "Temp_Delta": "0.1 °C"
            },
            "pain_level": "Low"
        }
    ]
}