{
    "patient_id": "John Doe",
    "Sex": "M",
    "Age": "Age: 18 Days",
    "Weight": "2.9 kg",
    "Conditions": [
        "Bradycardia"
    ],
    "data": [
        {
            "timestamp": "2025-03-15 01:51:00",
            "vital_signs": {
                "heart_rate": "75 bpm",
                "respiratory_rate": "99 breaths/min",
                "body_temperature": "36.5 °C",
                "HR_Delta": null,
                "RespRate_Delta": null,
                "Temp_Delta": null
            },
            "pain_level": "Low",
            "intervention": [
                {
                    "type": "diaper change",
                    "detail": "Scheduled diaper change"
                },
                {
                    "type": "position change",
                    "detail": "right lateral"
                }
            ]
        },
        {
            "timestamp": "2025-03-15 01:56:00",
            "vital_signs": {
                "heart_rate": "72 bpm",
                "respiratory_rate": "95 breaths/min",
                "body_temperature": "37.3 °C",
                "HR_Delta": "2.5 Δ",
                "RespRate_Delta": "3 Δ breaths/min",
                "Temp_Delta": "0.8 °C"
            },
            "pain_level": "Low"
        },
        {
            "timestamp": "2025-03-15 02:01:00",
            "vital_signs": {
                "heart_rate": "74 bpm",
                "respiratory_rate": "75 breaths/min",
                "body_temperature": "37.1 °C",
                "HR_Delta": "2.1 Δ",
                "RespRate_Delta": "21 Δ breaths/min",
                "Temp_Delta": "0.2 °C"
            },
            "pain_level": "Low"
        },
        {
            "timestamp": "2025-03-15 02:06:00",
            "vital_signs": {
                "heart_rate": "69 bpm",
                "respiratory_rate": "48 breaths/min",
                "body_temperature": "36.8 °C",
                "HR_Delta": "5.0 Δ",
                "RespRate_Delta": "27 Δ breaths/min",
                "Temp_Delta": "0.3 °C"
            },
            "pain_level": "Low"
        },
        {
            "timestamp": "2025-03-15 02:11:00",
            "vital_signs": {
                "heart_rate": "80 bpm",
                "respiratory_rate": "60 breaths/min",
                "body_temperature": "36.9 °C",
                "HR_Delta": "10.2 Δ",
                "RespRate_Delta": "13 Δ breaths/min",
                "Temp_Delta": "0.1 °C"
            },
            "pain_level": "Low"
        },
        {
            "timestamp": "2025-03-15 02:16:00",
            "vital_signs": {
                "heart_rate": "76 bpm",
                "respiratory_rate": "94 breaths/min",
                "body_temperature": "36.5 °C",
                "HR_Delta": "3.6 Δ",
                "RespRate_Delta": "34 Δ breaths/min",
                "Temp_Delta": "0.4 °C"
            },
            "pain_level": "Low",
            "intervention": [
                {
                    "type": "diaper change",
                    "detail": null
                }
            ]
        },
        {
            "timestamp": "2025-03-15 02:21:00",
            "vital_signs": {
                "heart_rate": "73 bpm",
                "respiratory_rate": "86 breaths/min",
                "body_temperature": "36.9 °C",
                "HR_Delta": "3.1 Δ",
                "RespRate_Delta": "8 Δ breaths/min",
                "Temp_Delta": "0.4 °C"
            },
            "pain_level": "Low"
        },
        {
            "timestamp": "2025-03-15 02:26:00",
            "vital_signs": {
                "heart_rate": "76 bpm",
                "respiratory_rate": "56 breaths/min",
                "body_temperature": "37.0 °C",
                "HR_Delta": "2.6 Δ",
                "RespRate_Delta": "30 Δ breaths/min",
                "Temp_Delta": "0.1 °C"
            },
            "pain_level": "Low"
        },
        {
            "timestamp": "2025-03-15 02:31:00",
            "vital_signs": {
                "heart_rate": "81 bpm",
                "respiratory_rate": "34 breaths/min",
                "body_temperature": "36.5 °C",
                "HR_Delta": "5.0 Δ",
                "RespRate_Delta": "23 Δ breaths/min",
                "Temp_Delta": "0.5 °C"
            },
            "pain_level": "Low"
        },
        {
            "timestamp": "2025-03-15 02:36:00",
            "vital_signs": {
                "heart_rate": "78 bpm",
                "respiratory_rate": "31 breaths/min",
                "body_temperature": "37.2 °C",
                "HR_Delta": "2.2 Δ",
                "RespRate_Delta": "3 Δ breaths/min",
                "Temp_Delta": "0.7 °C"
            },
            "pain_level": "Low"
        },
        {
            "timestamp": "2025-03-15 02:41:00",
            "vital_signs": {
                "heart_rate": "75 bpm",
                "respiratory_rate": "34 breaths/min",
                "body_temperature": "37.3 °C",
                "HR_Delta": "3.8 Δ",
                "RespRate_Delta": "3 Δ breaths/min",
                "Temp_Delta": "0.1 °C"
            },
            "pain_level": "Low"
        },
        {
            "timestamp": "2025-03-15 02:46:00",
            "vital_signs": {
                "heart_rate": "77 bpm",
                "respiratory_rate": "64 breaths/min",
                "body_temperature": "36.6 °C",
                "HR_Delta": "2.0 Δ",
                "RespRate_Delta": "29 Δ breaths/min",
                "Temp_Delta": "0.7 °C"
            },
            "pain_level": "Low"
        },
        {
            "timestamp": "2025-03-15 02:51:00",
            "vital_signs": {
                "heart_rate": "70 bpm",
                "respiratory_rate": "68 breaths/min",
                "body_temperature": "37.3 °C",
                "HR_Delta": "6.1 Δ",
                "RespRate_Delta": "5 Δ breaths/min",
                "Temp_Delta": "0.7 °C"
            },
            "pain_level": "Low"
        },
        {
            "timestamp": "2025-03-15 02:56:00",
            "vital_signs": {
                "heart_rate": "73 bpm",
                "respiratory_rate": "70 breaths/min",
                "body_temperature": "37.3 °C",
                "HR_Delta": "2.4 Δ",
                "RespRate_Delta": "2 Δ breaths/min",
                "Temp_Delta": "0.0 °C"
            },
            "pain_level": "Low"
        },
        {
            "timestamp": "2025-03-15 03:01:00",
            "vital_signs": {
                "heart_rate": "79 bpm",
                "respiratory_rate": "67 breaths/min",
                "body_temperature": "36.6 °C",
                "HR_Delta": "6.0 Δ",
                "RespRate_Delta": "3 Δ breaths/min",
                "Temp_Delta": "0.7 °C"
            },
            "pain_level": "Low"
        },
        {
            "timestamp": "2025-03-15 03:06:00",
            "vital_signs": {
                "heart_rate": "73 bpm",
                "respiratory_rate": "68 breaths/min",
                "body_temperature": "36.9 °C",
                "HR_Delta": "5.7 Δ",
                "RespRate_Delta": "1 Δ breaths/min",
                "Temp_Delta": "0.3 °C"
            },
            "pain_level": "Low"
        },
        {
            "timestamp": "2025-03-15 03:11:00",
            "vital_signs": {
                "heart_rate": "75 bpm",
                "respiratory_rate": "83 breaths/min",
                "body_temperature": "36.9 °C",
                "HR_Delta": "1.3 Δ",
                "RespRate_Delta": "15 Δ breaths/min",
                "Temp_Delta": "0.0 °C"
            },
            "pain_level": "Low"
        },
        {
            "timestamp": "2025-03-15 03:16:00",
            "vital_signs": {
                "heart_rate": "76 bpm",
                "respiratory_rate": "78 breaths/min",
                "body_temperature": "37.2 °C",
                "HR_Delta": "1.8 Δ",
                "RespRate_Delta": "5 Δ breaths/min",
                "Temp_Delta": "0.3 °C"
            },
            "pain_level": "Low"
        },
        {
            "timestamp": "2025-03-15 03:21:00",
            "vital_signs": {
                "heart_rate": "78 bpm",
                "respiratory_rate": "90 breaths/min",
                "body_temperature": "36.8 °C",
                "HR_Delta": "1.2 Δ",
                "RespRate_Delta": "12 Δ breaths/min",
                "Temp_Delta": "0.4 °C"
            },
            "pain_level": "Low"
        },
        {
            "timestamp": "2025-03-15 03:26:00",
            "vital_signs": {
                "heart_rate": "78 bpm",
                "respiratory_rate": "39 breaths/min",
                "body_temperature": "37.0 °C",
                "HR_Delta": "0.3 Δ",
                "RespRate_Delta": "50 Δ breaths/min",
                "Temp_Delta": "0.2 °C"
            },
            "pain_level": "Low"
        },
        {
            "timestamp": "2025-03-15 03:31:00",
            "vital_signs": {
                "heart_rate": "74 bpm",
                "respiratory_rate": "52 breaths/min",
                "body_temperature": "36.5 °C",
                "HR_Delta": "4.2 Δ",
                "RespRate_Delta": "12 Δ breaths/min",
                "Temp_Delta": "0.5 °C"
            },
            "pain_level": "Low"
        },
        {
            "timestamp": "2025-03-15 03:36:00",
            "vital_signs": {
                "heart_rate": "75 bpm",
                "respiratory_rate": "85 breaths/min",
                "body_temperature": "36.7 °C",
                "HR_Delta": "0.8 Δ",
                "RespRate_Delta": "33 Δ breaths/min",
                "Temp_Delta": "0.2 °C"
            },
            "pain_level": "Low"
        },
        {
            "timestamp": "2025-03-15 03:41:00",
            "vital_signs": {
                "heart_rate": "70 bpm",
                "respiratory_rate": "43 breaths/min",
                "body_temperature": "36.6 °C",
                "HR_Delta": "4.4 Δ",
                "RespRate_Delta": "42 Δ breaths/min",
                "Temp_Delta": "0.1 °C"
            },
            "pain_level": "Low"
        },
        {
            "timestamp": "2025-03-15 03:46:00",
            "vital_signs": {
                "heart_rate": "70 bpm",
                "respiratory_rate": "74 breaths/min",
                "body_temperature": "36.7 °C",
                "HR_Delta": "0.2 Δ",
                "RespRate_Delta": "31 Δ breaths/min",
                "Temp_Delta": "0.1 °C"
            },
            "pain_level": "Low"
        },
        {
            "timestamp": "2025-03-15 03:51:00",
            "vital_signs": {
                "heart_rate": "80 bpm",
                "respiratory_rate": "45 breaths/min",
                "body_temperature": "36.9 °C",
                "HR_Delta": "9.9 Δ",
                "RespRate_Delta": "30 Δ breaths/min",
                "Temp_Delta": "0.2 °C"
            },
            "pain_level": "Low"
        },
        {
            "timestamp": "2025-03-15 03:56:00",
            "vital_signs": {
                "heart_rate": "72 bpm",
                "respiratory_rate": "75 breaths/min",
                "body_temperature": "36.6 °C",
                "HR_Delta": "8.1 Δ",
                "RespRate_Delta": "31 Δ breaths/min",
                "Temp_Delta": "0.3 °C"
            },
            "pain_level": "Low"
        },
        {
            "timestamp": "2025-03-15 04:01:00",
            "vital_signs": {
                "heart_rate": "82 bpm",
                "respiratory_rate": "69 breaths/min",
                "body_temperature": "36.5 °C",
                "HR_Delta": "9.9 Δ",
                "RespRate_Delta": "6 Δ breaths/min",
                "Temp_Delta": "0.1 °C"
            },
            "pain_level": "Low"
        },
        {
            "timestamp": "2025-03-15 04:06:00",
            "vital_signs": {
                "heart_rate": "82 bpm",
                "respiratory_rate": "44 breaths/min",
                "body_temperature": "37.2 °C",
                "HR_Delta": "0.0 Δ",
                "RespRate_Delta": "25 Δ breaths/min",
                "Temp_Delta": "0.7 °C"
            },
            "pain_level": "Low"
        },
        {
            "timestamp": "2025-03-15 04:11:00",
            "vital_signs": {
                "heart_rate": "69 bpm",
                "respiratory_rate": "49 breaths/min",
                "body_temperature": "36.8 °C",
                "HR_Delta": "12.5 Δ",
                "RespRate_Delta": "5 Δ breaths/min",
                "Temp_Delta": "0.4 °C"
            },
            "pain_level": "Low"
        },
        {
            "timestamp": "2025-03-15 04:16:00",
            "vital_signs": {
                "heart_rate": "81 bpm",
                "respiratory_rate": "40 breaths/min",
                "body_temperature": "36.9 °C",
                "HR_Delta": "11.6 Δ",
                "RespRate_Delta": "9 Δ breaths/min",
                "Temp_Delta": "0.1 °C"
            },
            "pain_level": "Low"
        },
        {
            "timestamp": "2025-03-15 04:21:00",
            "vital_signs": {
                "heart_rate": "65 bpm",
                "respiratory_rate": "86 breaths/min",
                "body_temperature": "36.6 °C",
                "HR_Delta": "15.6 Δ",
                "RespRate_Delta": "45 Δ breaths/min",
                "Temp_Delta": "0.3 °C"
            },
            "pain_level": "Low"
        },
        {
            "timestamp": "2025-03-15 04:26:00",
            "vital_signs": {
                "heart_rate": "81 bpm",
                "respiratory_rate": "60 breaths/min",
                "body_temperature": "37.4 °C",
                "HR_Delta": "15.5 Δ",
                "RespRate_Delta": "25 Δ breaths/min",
                "Temp_Delta": "0.8 °C"
            },
            "pain_level": "Low"
        },
        {
            "timestamp": "2025-03-15 04:31:00",
            "vital_signs": {
                "heart_rate": "75 bpm",
                "respiratory_rate": "75 breaths/min",
                "body_temperature": "36.9 °C",
                "HR_Delta": "6.1 Δ",
                "RespRate_Delta": "15 Δ breaths/min",
                "Temp_Delta": "0.5 °C"
            },
            "pain_level": "Low"
        },
        {
            "timestamp": "2025-03-15 04:36:00",
            "vital_signs": {
                "heart_rate": "72 bpm",
                "respiratory_rate": "78 breaths/min",
                "body_temperature": "37.1 °C",
                "HR_Delta": "2.9 Δ",
                "RespRate_Delta": "3 Δ breaths/min",
                "Temp_Delta": "0.2 °C"
            },
            "pain_level": "Low"
        },
        {
            "timestamp": "2025-03-15 04:41:00",
            "vital_signs": {
                "heart_rate": "78 bpm",
                "respiratory_rate": "72 breaths/min",
                "body_temperature": "37.3 °C",
                "HR_Delta": "6.0 Δ",
                "RespRate_Delta": "6 Δ breaths/min",
                "Temp_Delta": "0.2 °C"
            },
            "pain_level": "Low"
        },
        {
            "timestamp": "2025-03-15 04:46:00",
            "vital_signs": {
                "heart_rate": "69 bpm",
                "respiratory_rate": "64 breaths/min",
                "body_temperature": "36.6 °C",
                "HR_Delta": "9.1 Δ",
                "RespRate_Delta": "8 Δ breaths/min",
                "Temp_Delta": "0.7 °C"
            },
            "pain_level": "Low"
        },
        {
            "timestamp": "2025-03-15 04:51:00",
            "vital_signs": {
                "heart_rate": "82 bpm",
                "respiratory_rate": "73 breaths/min",
                "body_temperature": "36.8 °C",
                "HR_Delta": "12.9 Δ",
                "RespRate_Delta": "9 Δ breaths/min",
                "Temp_Delta": "0.2 °C"
            },
            "pain_level": "Low",
            "intervention": [
                {
                    "type": "diaper change",
                    "detail": "Scheduled diaper change"
                }
            ]
        },
        {
            "timestamp": "2025-03-15 04:56:00",
            "vital_signs": {
                "heart_rate": "76 bpm",
                "respiratory_rate": "72 breaths/min",
                "body_temperature": "36.9 °C",
                "HR_Delta": "5.5 Δ",
                "RespRate_Delta": "0 Δ breaths/min",
                "Temp_Delta": "0.1 °C"
            },
            "pain_level": "Low"
        },
        {
            "timestamp": "2025-03-15 05:01:00",
            "vital_signs": {
                "heart_rate": "77 bpm",
                "respiratory_rate": "73 breaths/min",
                "body_temperature": "36.7 °C",
                "HR_Delta": "0.6 Δ",
                "RespRate_Delta": "1 Δ breaths/min",
                "Temp_Delta": "0.2 °C"
            },
            "pain_level": "Low"
        },
        {
            "timestamp": "2025-03-15 05:06:00",
            "vital_signs": {
                "heart_rate": "80 bpm",
                "respiratory_rate": "76 breaths/min",
                "body_temperature": "36.7 °C",
                "HR_Delta": "2.9 Δ",
                "RespRate_Delta": "3 Δ breaths/min",
                "Temp_Delta": "0.0 °C"
            },
            "pain_level": "Low"
        },
        {
            "timestamp": "2025-03-15 05:11:00",
            "vital_signs": {
                "heart_rate": "78 bpm",
                "respiratory_rate": "89 breaths/min",
                "body_temperature": "36.7 °C",
                "HR_Delta": "1.1 Δ",
                "RespRate_Delta": "13 Δ breaths/min",
                "Temp_Delta": "0.0 °C"
            },
            "pain_level": "Low"
        },
        {
            "timestamp": "2025-03-15 05:16:00",
            "vital_signs": {
                "heart_rate": "79 bpm",
                "respiratory_rate": "42 breaths/min",
                "body_temperature": "36.7 °C",
                "HR_Delta": "0.7 Δ",
                "RespRate_Delta": "47 Δ breaths/min",
                "Temp_Delta": "0.0 °C"
            },
            "pain_level": "Low"
        },
        {
            "timestamp": "2025-03-15 05:21:00",
            "vital_signs": {
                "heart_rate": "81 bpm",
                "respiratory_rate": "72 breaths/min",
                "body_temperature": "37.0 °C",
                "HR_Delta": "2.1 Δ",
                "RespRate_Delta": "29 Δ breaths/min",
                "Temp_Delta": "0.3 °C"
            },
            "pain_level": "Low"
        },
        {
            "timestamp": "2025-03-15 05:26:00",
            "vital_signs": {
                "heart_rate": "76 bpm",
                "respiratory_rate": "80 breaths/min",
                "body_temperature": "36.7 °C",
                "HR_Delta": "5.1 Δ",
                "RespRate_Delta": "8 Δ breaths/min",
                "Temp_Delta": "0.3 °C"
            },
            "pain_level": "Low"
        },
        {
            "timestamp": "2025-03-15 05:31:00",
            "vital_signs": {
                "heart_rate": "83 bpm",
                "respiratory_rate": "82 breaths/min",
                "body_temperature": "36.9 °C",
                "HR_Delta": "6.7 Δ",
                "RespRate_Delta": "2 Δ breaths/min",
                "Temp_Delta": "0.2 °C"
            },
            "pain_level": "Low"
        },
        {
            "timestamp": "2025-03-15 05:36:00",
            "vital_signs": {
                "heart_rate": "68 bpm",
                "respiratory_rate": "76 breaths/min",
                "body_temperature": "36.9 °C",
                "HR_Delta": "15.2 Δ",
                "RespRate_Delta": "7 Δ breaths/min",
                "Temp_Delta": "0.0 °C"
            },
            "pain_level": "Low"
        },
        {
            "timestamp": "2025-03-15 05:41:00",
            "vital_signs": {
                "heart_rate": "81 bpm",
                "respiratory_rate": "77 breaths/min",
                "body_temperature": "36.8 °C",
                "HR_Delta": "12.8 Δ",
                "RespRate_Delta": "1 Δ breaths/min",
                "Temp_Delta": "0.1 °C"
            },
            "pain_level": "Low"
        },
        {
            "timestamp": "2025-03-15 05:46:00",
            "vital_signs": {
                "heart_rate": "78 bpm",
                "respiratory_rate": "95 breaths/min",
                "body_temperature": "37.4 °C",
                "HR_Delta": "2.2 Δ",
                "RespRate_Delta": "19 Δ breaths/min",
                "Temp_Delta": "0.6 °C"
            },
            "pain_level": "Low"
        },
        {
            "timestamp": "2025-03-15 05:51:00",
            "vital_signs": {
                "heart_rate": "80 bpm",
                "respiratory_rate": "82 breaths/min",
                "body_temperature": "37.2 °C",
                "HR_Delta": "1.5 Δ",
                "RespRate_Delta": "14 Δ breaths/min",
                "Temp_Delta": "0.2 °C"
            },
            "pain_level": "Low",
            "intervention": [
                {
                    "type": "position change",
                    "detail": "prone"
                }
            ]
        },
        {
            "timestamp": "2025-03-15 05:56:00",
            "vital_signs": {
                "heart_rate": "68 bpm",
                "respiratory_rate": "55 breaths/min",
                "body_temperature": "37.3 °C",
                "HR_Delta": "12.2 Δ",
                "RespRate_Delta": "27 Δ breaths/min",
                "Temp_Delta": "0.1 °C"
            },
            "pain_level": "Low"
        },
        {
            "timestamp": "2025-03-15 06:01:00",
            "vital_signs": {
                "heart_rate": "79 bpm",
                "respiratory_rate": "38 breaths/min",
                "body_temperature": "36.8 °C",
                "HR_Delta": "11.0 Δ",
                "RespRate_Delta": "16 Δ breaths/min",
                "Temp_Delta": "0.5 °C"
            },
            "pain_level": "Low"
        },
        {
            "timestamp": "2025-03-15 06:06:00",
            "vital_signs": {
                "heart_rate": "82 bpm",
                "respiratory_rate": "74 breaths/min",
                "body_temperature": "37.1 °C",
                "HR_Delta": "3.1 Δ",
                "RespRate_Delta": "36 Δ breaths/min",
                "Temp_Delta": "0.3 °C"
            },
            "pain_level": "Low"
        },
        {
            "timestamp": "2025-03-15 06:11:00",
            "vital_signs": {
                "heart_rate": "76 bpm",
                "respiratory_rate": "56 breaths/min",
                "body_temperature": "37.1 °C",
                "HR_Delta": "5.9 Δ",
                "RespRate_Delta": "18 Δ breaths/min",
                "Temp_Delta": "0.0 °C"
            },
            "pain_level": "Low"
        },
        {
            "timestamp": "2025-03-15 06:16:00",
            "vital_signs": {
                "heart_rate": "81 bpm",
                "respiratory_rate": "74 breaths/min",
                "body_temperature": "37.3 °C",
                "HR_Delta": "5.1 Δ",
                "RespRate_Delta": "18 Δ breaths/min",
                "Temp_Delta": "0.2 °C"
            },
            "pain_level": "Low",
            "intervention": [
                {
                    "type": "position change",
                    "detail": "left lateral"
                }
            ]
        },
        {
            "timestamp": "2025-03-15 06:21:00",
            "vital_signs": {
                "heart_rate": "82 bpm",
                "respiratory_rate": "73 breaths/min",
                "body_temperature": "37.1 °C",
                "HR_Delta": "0.5 Δ",
                "RespRate_Delta": "2 Δ breaths/min",
                "Temp_Delta": "0.2 °C"
            },
            "pain_level": "Low",
            "intervention": [
                {
                    "type": "position change",
                    "detail": "right lateral"
                }
            ]
        },
        {
            "timestamp": "2025-03-15 06:26:00",
            "vital_signs": {
                "heart_rate": "74 bpm",
                "respiratory_rate": "80 breaths/min",
                "body_temperature": "36.8 °C",
                "HR_Delta": "7.9 Δ",
                "RespRate_Delta": "7 Δ breaths/min",
                "Temp_Delta": "0.3 °C"
            },
            "pain_level": "Low"
        },
        {
            "timestamp": "2025-03-15 06:31:00",
            "vital_signs": {
                "heart_rate": "80 bpm",
                "respiratory_rate": "38 breaths/min",
                "body_temperature": "37.3 °C",
                "HR_Delta": "6.5 Δ",
                "RespRate_Delta": "42 Δ breaths/min",
                "Temp_Delta": "0.5 °C"
            },
            "pain_level": "Low"
        },
        {
            "timestamp": "2025-03-15 06:36:00",
            "vital_signs": {
                "heart_rate": "77 bpm",
                "respiratory_rate": "41 breaths/min",
                "body_temperature": "37.2 °C",
                "HR_Delta": "3.5 Δ",
                "RespRate_Delta": "3 Δ breaths/min",
                "Temp_Delta": "0.1 °C"
            },
            "pain_level": "Low"
        },
        {
            "timestamp": "2025-03-15 06:41:00",
            "vital_signs": {
                "heart_rate": "68 bpm",
                "respiratory_rate": "39 breaths/min",
                "body_temperature": "37.2 °C",
                "HR_Delta": "8.9 Δ",
                "RespRate_Delta": "3 Δ breaths/min",
                "Temp_Delta": "0.0 °C"
            },
            "pain_level": "Low"
        },
        {
            "timestamp": "2025-03-15 06:46:00",
            "vital_signs": {
                "heart_rate": "71 bpm",
                "respiratory_rate": "88 breaths/min",
                "body_temperature": "36.6 °C",
                "HR_Delta": "2.9 Δ",
                "RespRate_Delta": "50 Δ breaths/min",
                "Temp_Delta": "0.6 °C"
            },
            "pain_level": "Low"
        },
        {
            "timestamp": "2025-03-15 06:51:00",
            "vital_signs": {
                "heart_rate": "84 bpm",
                "respiratory_rate": "85 breaths/min",
                "body_temperature": "36.7 °C",
                "HR_Delta": "13.0 Δ",
                "RespRate_Delta": "3 Δ breaths/min",
                "Temp_Delta": "0.1 °C"
            },
            "pain_level": "Low"
        },
        {
            "timestamp": "2025-03-15 06:56:00",
            "vital_signs": {
                "heart_rate": "79 bpm",
                "respiratory_rate": "44 breaths/min",
                "body_temperature": "37.1 °C",
                "HR_Delta": "5.1 Δ",
                "RespRate_Delta": "42 Δ breaths/min",
                "Temp_Delta": "0.4 °C"
            },
            "pain_level": "Low"
        },
        {
            "timestamp": "2025-03-15 07:01:00",
            "vital_signs": {
                "heart_rate": "82 bpm",
                "respiratory_rate": "86 breaths/min",
                "body_temperature": "37.3 °C",
                "HR_Delta": "2.7 Δ",
                "RespRate_Delta": "43 Δ breaths/min",
                "Temp_Delta": "0.2 °C"
            },
            "pain_level": "Low"
        },
        {
            "timestamp": "2025-03-15 07:06:00",
            "vital_signs": {
                "heart_rate": "81 bpm",
                "respiratory_rate": "67 breaths/min",
                "body_temperature": "36.7 °C",
                "HR_Delta": "0.9 Δ",
                "RespRate_Delta": "20 Δ breaths/min",
                "Temp_Delta": "0.6 °C"
            },
            "pain_level": "Low"
        },
        {
            "timestamp": "2025-03-15 07:11:00",
            "vital_signs": {
                "heart_rate": "81 bpm",
                "respiratory_rate": "64 breaths/min",
                "body_temperature": "37.2 °C",
                "HR_Delta": "0.2 Δ",
                "RespRate_Delta": "3 Δ breaths/min",
                "Temp_Delta": "0.5 °C"
            },
            "pain_level": "Low"
        },
        {
            "timestamp": "2025-03-15 07:16:00",
            "vital_signs": {
                "heart_rate": "85 bpm",
                "respiratory_rate": "39 breaths/min",
                "body_temperature": "37.0 °C",
                "HR_Delta": "4.0 Δ",
                "RespRate_Delta": "25 Δ breaths/min",
                "Temp_Delta": "0.2 °C"
            },
            "pain_level": "Low"
        },
        {
            "timestamp": "2025-03-15 07:21:00",
            "vital_signs": {
                "heart_rate": "77 bpm",
                "respiratory_rate": "66 breaths/min",
                "body_temperature": "37.3 °C",
                "HR_Delta": "7.5 Δ",
                "RespRate_Delta": "27 Δ breaths/min",
                "Temp_Delta": "0.3 °C"
            },
            "pain_level": "Low"
        },
        {
            "timestamp": "2025-03-15 07:26:00",
            "vital_signs": {
                "heart_rate": "74 bpm",
                "respiratory_rate": "72 breaths/min",
                "body_temperature": "37.2 °C",
                "HR_Delta": "3.7 Δ",
                "RespRate_Delta": "6 Δ breaths/min",
                "Temp_Delta": "0.1 °C"
            },
            "pain_level": "Low"
        },
        {
            "timestamp": "2025-03-15 07:31:00",
            "vital_signs": {
                "heart_rate": "71 bpm",
                "respiratory_rate": "53 breaths/min",
                "body_temperature": "36.5 °C",
                "HR_Delta": "2.1 Δ",
                "RespRate_Delta": "20 Δ breaths/min",
                "Temp_Delta": "0.7 °C"
            },
            "pain_level": "Low"
        },
        {
            "timestamp": "2025-03-15 07:36:00",
            "vital_signs": {
                "heart_rate": "82 bpm",
                "respiratory_rate": "33 breaths/min",
                "body_temperature": "36.8 °C",
                "HR_Delta": "10.1 Δ",
                "RespRate_Delta": "20 Δ breaths/min",
                "Temp_Delta": "0.3 °C"
            },
            "pain_level": "Low"
        },
        {
            "timestamp": "2025-03-15 07:41:00",
            "vital_signs": {
                "heart_rate": "72 bpm",
                "respiratory_rate": "34 breaths/min",
                "body_temperature": "37.4 °C",
                "HR_Delta": "9.6 Δ",
                "RespRate_Delta": "1 Δ breaths/min",
                "Temp_Delta": "0.6 °C"
            },
            "pain_level": "Low"
        },
        {
            "timestamp": "2025-03-15 07:46:00",
            "vital_signs": {
                "heart_rate": "77 bpm",
                "respiratory_rate": "56 breaths/min",
                "body_temperature": "36.9 °C",
                "HR_Delta": "5.4 Δ",
                "RespRate_Delta": "22 Δ breaths/min",
                "Temp_Delta": "0.5 °C"
            },
            "pain_level": "Low"
        },
        {
            "timestamp": "2025-03-15 07:51:00",
            "vital_signs": {
                "heart_rate": "80 bpm",
                "respiratory_rate": "39 breaths/min",
                "body_temperature": "36.9 °C",
                "HR_Delta": "3.0 Δ",
                "RespRate_Delta": "18 Δ breaths/min",
                "Temp_Delta": "0.0 °C"
            },
            "pain_level": "Low",
            "intervention": [
                {
                    "type": "diaper change",
                    "detail": "Scheduled diaper change"
                }
            ]
        },
        {
            "timestamp": "2025-03-15 07:56:00",
            "vital_signs": {
                "heart_rate": "73 bpm",
                "respiratory_rate": "71 breaths/min",
                "body_temperature": "37.2 °C",
                "HR_Delta": "7.4 Δ",
                "RespRate_Delta": "32 Δ breaths/min",
                "Temp_Delta": "0.3 °C"
            },
            "pain_level": "Low"
        },
        {
            "timestamp": "2025-03-15 08:01:00",
            "vital_signs": {
                "heart_rate": "78 bpm",
                "respiratory_rate": "71 breaths/min",
                "body_temperature": "37.3 °C",
                "HR_Delta": "5.2 Δ",
                "RespRate_Delta": "0 Δ breaths/min",
                "Temp_Delta": "0.1 °C"
            },
            "pain_level": "Low"
        },
        {
            "timestamp": "2025-03-15 08:06:00",
            "vital_signs": {
                "heart_rate": "80 bpm",
                "respiratory_rate": "92 breaths/min",
                "body_temperature": "36.9 °C",
                "HR_Delta": "2.4 Δ",
                "RespRate_Delta": "21 Δ breaths/min",
                "Temp_Delta": "0.4 °C"
            },
            "pain_level": "Low"
        },
        {
            "timestamp": "2025-03-15 08:11:00",
            "vital_signs": {
                "heart_rate": "79 bpm",
                "respiratory_rate": "75 breaths/min",
                "body_temperature": "36.6 °C",
                "HR_Delta": "1.6 Δ",
                "RespRate_Delta": "17 Δ breaths/min",
                "Temp_Delta": "0.3 °C"
            },
            "pain_level": "Low"
        },
        {
            "timestamp": "2025-03-15 08:16:00",
            "vital_signs": {
                "heart_rate": "80 bpm",
                "respiratory_rate": "63 breaths/min",
                "body_temperature": "36.6 °C",
                "HR_Delta": "1.0 Δ",
                "RespRate_Delta": "13 Δ breaths/min",
                "Temp_Delta": "0.0 °C"
            },
            "pain_level": "Low"
        },
        {
            "timestamp": "2025-03-15 08:21:00",
            "vital_signs": {
                "heart_rate": "74 bpm",
                "respiratory_rate": "45 breaths/min",
                "body_temperature": "36.9 °C",
                "HR_Delta": "6.2 Δ",
                "RespRate_Delta": "17 Δ breaths/min",
                "Temp_Delta": "0.3 °C"
            },
            "pain_level": "Low"
        },
        {
            "timestamp": "2025-03-15 08:26:00",
            "vital_signs": {
                "heart_rate": "75 bpm",
                "respiratory_rate": "93 breaths/min",
                "body_temperature": "36.6 °C",
                "HR_Delta": "1.4 Δ",
                "RespRate_Delta": "48 Δ breaths/min",
                "Temp_Delta": "0.3 °C"
            },
            "pain_level": "Low",
            "intervention": [
                {
                    "type": "family visitation",
                    "detail": null
                }
            ]
        },
        {
            "timestamp": "2025-03-15 08:31:00",
            "vital_signs": {
                "heart_rate": "82 bpm",
                "respiratory_rate": "99 breaths/min",
                "body_temperature": "37.0 °C",
                "HR_Delta": "7.1 Δ",
                "RespRate_Delta": "6 Δ breaths/min",
                "Temp_Delta": "0.4 °C"
            },
            "pain_level": "Low",
            "intervention": [
                {
                    "type": "position change",
                    "detail": "supine"
                }
            ]
        },
        {
            "timestamp": "2025-03-15 08:36:00",
            "vital_signs": {
                "heart_rate": "77 bpm",
                "respiratory_rate": "95 breaths/min",
                "body_temperature": "36.8 °C",
                "HR_Delta": "5.0 Δ",
                "RespRate_Delta": "5 Δ breaths/min",
                "Temp_Delta": "0.2 °C"
            },
            "pain_level": "Low"
        },
        {
            "timestamp": "2025-03-15 08:41:00",
            "vital_signs": {
                "heart_rate": "72 bpm",
                "respiratory_rate": "91 breaths/min",
                "body_temperature": "37.3 °C",
                "HR_Delta": "5.6 Δ",
                "RespRate_Delta": "3 Δ breaths/min",
                "Temp_Delta": "0.5 °C"
            },
            "pain_level": "Low"
        },
        {
            "timestamp": "2025-03-15 08:46:00",
            "vital_signs": {
                "heart_rate": "78 bpm",
                "respiratory_rate": "89 breaths/min",
                "body_temperature": "37.2 °C",
                "HR_Delta": "6.2 Δ",
                "RespRate_Delta": "3 Δ breaths/min",
                "Temp_Delta": "0.1 °C"
            },
            "pain_level": "Low"
        },
        {
            "timestamp": "2025-03-15 08:51:00",
            "vital_signs": {
                "heart_rate": "78 bpm",
                "respiratory_rate": "59 breaths/min",
                "body_temperature": "36.9 °C",
                "HR_Delta": "0.0 Δ",
                "RespRate_Delta": "30 Δ breaths/min",
                "Temp_Delta": "0.3 °C"
            },
            "pain_level": "Low"
        },
        {
            "timestamp": "2025-03-15 08:56:00",
            "vital_signs": {
                "heart_rate": "73 bpm",
                "respiratory_rate": "35 breaths/min",
                "body_temperature": "37.3 °C",
                "HR_Delta": "4.9 Δ",
                "RespRate_Delta": "24 Δ breaths/min",
                "Temp_Delta": "0.4 °C"
            },
            "pain_level": "Low"
        },
        {
            "timestamp": "2025-03-15 09:01:00",
            "vital_signs": {
                "heart_rate": "76 bpm",
                "respiratory_rate": "31 breaths/min",
                "body_temperature": "36.8 °C",
                "HR_Delta": "3.3 Δ",
                "RespRate_Delta": "4 Δ breaths/min",
                "Temp_Delta": "0.5 °C"
            },
            "pain_level": "Low"
        },
        {
            "timestamp": "2025-03-15 09:06:00",
            "vital_signs": {
                "heart_rate": "83 bpm",
                "respiratory_rate": "32 breaths/min",
                "body_temperature": "36.9 °C",
                "HR_Delta": "6.5 Δ",
                "RespRate_Delta": "1 Δ breaths/min",
                "Temp_Delta": "0.1 °C"
            },
            "pain_level": "Low"
        },
        {
            "timestamp": "2025-03-15 09:11:00",
            "vital_signs": {
                "heart_rate": "78 bpm",
                "respiratory_rate": "34 breaths/min",
                "body_temperature": "36.7 °C",
                "HR_Delta": "4.7 Δ",
                "RespRate_Delta": "2 Δ breaths/min",
                "Temp_Delta": "0.2 °C"
            },
            "pain_level": "Low"
        },
        {
            "timestamp": "2025-03-15 09:16:00",
            "vital_signs": {
                "heart_rate": "71 bpm",
                "respiratory_rate": "66 breaths/min",
                "body_temperature": "36.6 °C",
                "HR_Delta": "7.1 Δ",
                "RespRate_Delta": "31 Δ breaths/min",
                "Temp_Delta": "0.1 °C"
            },
            "pain_level": "Low"
        },
        {
            "timestamp": "2025-03-15 09:21:00",
            "vital_signs": {
                "heart_rate": "78 bpm",
                "respiratory_rate": "92 breaths/min",
                "body_temperature": "37.0 °C",
                "HR_Delta": "6.9 Δ",
                "RespRate_Delta": "27 Δ breaths/min",
                "Temp_Delta": "0.4 °C"
            },
            "pain_level": "Low"
        },
        {
            "timestamp": "2025-03-15 09:26:00",
            "vital_signs": {
                "heart_rate": "84 bpm",
                "respiratory_rate": "66 breaths/min",
                "body_temperature": "36.6 °C",
                "HR_Delta": "6.0 Δ",
                "RespRate_Delta": "26 Δ breaths/min",
                "Temp_Delta": "0.4 °C"
            },
            "pain_level": "Low"
        },
        {
            "timestamp": "2025-03-15 09:31:00",
            "vital_signs": {
                "heart_rate": "70 bpm",
                "respiratory_rate": "58 breaths/min",
                "body_temperature": "36.8 °C",
                "HR_Delta": "13.6 Δ",
                "RespRate_Delta": "8 Δ breaths/min",
                "Temp_Delta": "0.2 °C"
            },
            "pain_level": "Low"
        },
        {
            "timestamp": "2025-03-15 09:36:00",
            "vital_signs": {
                "heart_rate": "75 bpm",
                "respiratory_rate": "70 breaths/min",
                "body_temperature": "37.1 °C",
                "HR_Delta": "4.7 Δ",
                "RespRate_Delta": "12 Δ breaths/min",
                "Temp_Delta": "0.3 °C"
            },
            "pain_level": "Low",
            "intervention": [
                {
                    "type": "diaper change",
                    "detail": null
                },
                {
                    "type": "lighting adjustment",
                    "detail": "reduce noise"
                }
            ]
        },
        {
            "timestamp": "2025-03-15 09:41:00",
            "vital_signs": {
                "heart_rate": "81 bpm",
                "respiratory_rate": "38 breaths/min",
                "body_temperature": "36.7 °C",
                "HR_Delta": "6.1 Δ",
                "RespRate_Delta": "32 Δ breaths/min",
                "Temp_Delta": "0.4 °C"
            },
            "pain_level": "Low"
        },
        {
            "timestamp": "2025-03-15 09:46:00",
            "vital_signs": {
                "heart_rate": "72 bpm",
                "respiratory_rate": "52 breaths/min",
                "body_temperature": "36.5 °C",
                "HR_Delta": "8.8 Δ",
                "RespRate_Delta": "14 Δ breaths/min",
                "Temp_Delta": "0.2 °C"
            },
            "pain_level": "Low"
        }
    ]
}